6,2020,82.8333,43.00,113.80,-0.24,-44.37,-44.01,-39.79,-39.79,56.80,59.60,0.00,0.00,66.60,112.30,712.30,2.49,0.85,-57.34,-24.56,-66.87,-21.06,-67.39,-34.32,-69.68,-37.66,-85.80,-26.84,12.20,54.00,6.00,5.60,-43.97,-43.49,-44.70,-44.42,0.00,0.00,0.00,0.00,-40.11
6,2020,82.8333,43.00,113.80,-0.24,-44.37,-44.01,-39.79,-39.79,56.80,59.60,0.00,0.00,66.60,112.30,712.30,2.49,0.85,-57.34,-24.56,-66.87,-21.06,-67.39,-34.32,-69.68,-37.66,-85.80,-26.84,12.20,54.00,6.00,5.60,-43.97,-43.49,-44.70,-44.42,0.00,0.00,0.00,0.00,-40.11
6,2020,82.8750,16.00,30.80,-11.84,-44.82,-44.57,-39.79,-39.79,56.30,58.60,0.00,0.00,61.50,94.90,712.60,2.49,1.10,-57.60,-25.51,-68.07,-21.88,-69.23,-35.64,-70.92,-38.90,-87.10,-27.99,12.18,32.00,8.00,4.00,-44.66,-44.40,-45.21,-44.97,0.00,0.00,0.00,0.00,-41.28
6,2020,82.9167,2.40,4.00,-14.16,-44.70,-44.50,-39.79,-39.79,56.30,58.40,0.00,0.00,63.30,107.20,712.80,2.48,1.14,-58.89,-26.86,-69.54,-23.12,-70.25,-36.96,-72.43,-40.34,-88.60,-29.39,12.17,6.00,2.00,4.00,-43.69,-43.46,-45.25,-45.03,0.00,0.00,0.00,0.00,-42.71
6,2020,82.9583,0.00,0.00,-10.64,-43.76,-43.53,-39.79,-39.79,57.40,59.60,0.00,0.00,155.50,101.00,712.60,2.48,1.78,-59.79,-27.57,-70.28,-23.73,-72.07,-37.93,-73.26,-41.03,-89.40,-30.10,12.16,0.00,0.00,3.20,-43.56,-43.33,-44.05,-43.84,0.00,0.00,0.00,0.00,-43.44
6,2020,82.9583,0.00,0.00,-10.64,-43.76,-43.53,-39.79,-39.79,57.40,59.60,0.00,0.00,155.50,101.00,712.60,2.48,1.78,-59.79,-27.57,-70.28,-23.73,-72.07,-37.93,-73.26,-41.03,-89.40,-30.10,12.16,0.00,0.00,3.20,-43.56,-43.33,-44.05,-43.84,0.00,0.00,0.00,0.00,-43.44
6,2020,82.9583,0.00,0.00,-10.64,-43.76,-43.53,-39.79,-39.79,57.40,59.60,0.00,0.00,155.50,101.00,712.60,2.48,1.78,-59.79,-27.57,-70.28,-23.73,-72.07,-37.93,-73.26,-41.03,-89.40,-30.10,12.16,0.00,0.00,3.20,-43.56,-43.33,-44.05,-43.84,0.00,0.00,0.00,0.00,-43.44
6,2020,82.9583,0.00,0.00,-10.64,-43.76,-43.53,-39.79,-39.79,57.40,59.60,0.00,0.00,155.50,101.00,712.60,2.48,1.78,-59.79,-27.57,-70.28,-23.73,-72.07,-37.93,-73.26,-41.03,-89.40,-30.10,12.16,0.00,0.00,3.20,-43.56,-43.33,-44.05,-43.84,0.00,0.00,0.00,0.00,-43.44
6,2020,82.9583,0.00,0.00,-10.64,-43.76,-43.53,-39.79,-39.79,57.40,59.60,0.00,0.00,155.50,101.00,712.60,2.48,1.78,-59.79,-27.57,-70.28,-23.73,-72.07,-37.93,-73.26,-41.03,-89.40,-30.10,12.16,0.00,0.00,3.20,-43.56,-43.33,-44.05,-43.84,0.00,0.00,0.00,0.00,-43.44
6,2020,82.9583,0.00,0.00,-10.64,-43.76,-43.53,-39.79,-39.79,57.40,59.60,0.00,0.00,155.50,101.00,712.60,2.48,1.78,-59.79,-27.57,-70.28,-23.73,-72.07,-37.93,-73.26,-41.03,-89.40,-30.10,12.16,0.00,0.00,3.20,-43.56,-43.33,-44.05,-43.84,0.00,0.00,0.00,0.00,-43.44
6,2020,82.9583,0.00,0.00,-10.64,-43.76,-43.53,-39.79,-39.79,57.40,59.60,0.00,0.00,155.50,101.00,712.60,2.48,1.78,-59.79,-27.57,-70.28,-23.73,-72.07,-37.93,-73.26,-41.03,-89.40,-30.10,12.16,0.00,0.00,3.20,-43.56,-43.33,-44.05,-43.84,0.00,0.00,0.00,0.00,-43.44
6,2020,82.9583,0.00,0.00,-10.64,-43.76,-43.53,-39.79,-39.79,57.40,59.60,0.00,0.00,155.50,101.00,712.60,2.48,1.78,-59.79,-27.57,-70.28,-23.73,-72.07,-37.93,-73.26,-41.03,-89.40,-30.10,12.16,0.00,0.00,3.20,-43.56,-43.33,-44.05,-43.84,0.00,0.00,0.00,0.00,-43.44
6,2020,82.9583,0.00,0.00,-10.64,-43.76,-43.53,-39.79,-39.79,57.40,59.60,0.00,0.00,155.50,101.00,712.60,2.48,1.78,-59.79,-27.57,-70.28,-23.73,-72.07,-37.93,-73.26,-41.03,-89.40,-30.10,12.16,0.00,0.00,3.20,-43.56,-43.33,-44.05,-43.84,0.00,0.00,0.00,0.00,-43.44
6,2020,82.9583,0.00,0.00,-10.64,-43.76,-43.53,-39.79,-39.79,57.40,59.60,0.00,0.00,155.50,101.00,712.60,2.48,1.78,-59.79,-27.57,-70.28,-23.73,-72.07,-37.93,-73.26,-41.03,-89.40,-30.10,12.16,0.00,0.00,3.20,-43.56,-43.33,-44.05,-43.84,0.00,0.00,0.00,0.00,-43.44
6,2020,83.0000,0.00,0.00,-12.80,-44.10,-43.90,-39.79,-39.79,57.00,59.20,0.00,0.00,77.10,114.40,712.60,2.48,1.62,-59.89,-27.85,-70.65,-23.80,-72.18,-38.21,-73.61,-41.40,-89.70,-30.41,12.15,0.00,0.00,4.00,-43.97,-43.75,-44.25,-44.07,0.00,0.00,0.00,0.00,-43.78
6,2020,83.0417,0.00,0.00,-14.08,-43.58,-43.31,-39.79,-39.79,57.50,59.70,0.00,0.00,66.80,119.10,712.30,2.47,1.87,-59.95,-27.97,-70.78,-24.04,-72.22,-38.33,-73.75,-41.52,-89.90,-30.54,12.15,0.00,0.00,4.00,-42.84,-42.50,-44.21,-44.02,0.00,0.00,0.00,0.00,-43.91
6,2020,83.0833,0.00,0.00,-13.76,-42.41,-42.11,-39.79,-39.79,58.70,61.00,0.00,0.00,71.90,122.40,712.00,2.47,2.32,-59.64,-27.54,-70.28,-23.56,-71.22,-37.73,-73.25,-41.05,-89.30,-30.02,12.15,0.00,0.00,4.00,-42.07,-41.81,-42.84,-42.49,0.00,0.00,0.00,0.00,-43.42
6,2020,83.0833,0.00,0.00,-13.76,-42.41,-42.11,-39.79,-39.79,58.70,61.00,0.00,0.00,71.90,122.40,712.00,2.47,2.32,-59.64,-27.54,-70.28,-23.56,-71.22,-37.73,-73.25,-41.05,-89.30,-30.02,12.15,0.00,0.00,4.00,-42.07,-41.81,-42.84,-42.49,0.00,0.00,0.00,0.00,-43.42
6,2020,83.0833,0.00,0.00,-13.76,-42.41,-42.11,-39.79,-39.79,58.70,61.00,0.00,0.00,71.90,122.40,712.00,2.47,2.32,-59.64,-27.54,-70.28,-23.56,-71.22,-37.73,-73.25,-41.05,-89.30,-30.02,12.15,0.00,0.00,4.00,-42.07,-41.81,-42.84,-42.49,0.00,0.00,0.00,0.00,-43.42
6,2020,83.0833,0.00,0.00,-13.76,-42.41,-42.11,-39.79,-39.79,58.70,61.00,0.00,0.00,71.90,122.40,712.00,2.47,2.32,-59.64,-27.54,-70.28,-23.56,-71.22,-37.73,-73.25,-41.05,-89.30,-30.02,12.15,0.00,0.00,4.00,-42.07,-41.81,-42.84,-42.49,0.00,0.00,0.00,0.00,-43.42
6,2020,83.0833,0.00,0.00,-13.76,-42.41,-42.11,-39.79,-39.79,58.70,61.00,0.00,0.00,71.90,122.40,712.00,2.47,2.32,-59.64,-27.54,-70.28,-23.56,-71.22,-37.73,-73.25,-41.05,-89.30,-30.02,12.15,0.00,0.00,4.00,-42.07,-41.81,-42.84,-42.49,0.00,0.00,0.00,0.00,-43.42
6,2020,83.0833,0.00,0.00,-13.76,-42.41,-42.11,-39.79,-39.79,58.70,61.00,0.00,0.00,71.90,122.40,712.00,2.47,2.32,-59.64,-27.54,-70.28,-23.56,-71.22,-37.73,-73.25,-41.05,-89.30,-30.02,12.15,0.00,0.00,4.00,-42.07,-41.81,-42.84,-42.49,0.00,0.00,0.00,0.00,-43.42
6,2020,83.0833,0.00,0.00,-13.76,-42.41,-42.11,-39.79,-39.79,58.70,61.00,0.00,0.00,71.90,122.40,712.00,2.47,2.32,-59.64,-27.54,-70.28,-23.56,-71.22,-37.73,-73.25,-41.05,-89.30,-30.02,12.15,0.00,0.00,4.00,-42.07,-41.81,-42.84,-42.49,0.00,0.00,0.00,0.00,-43.42
6,2020,83.0833,0.00,0.00,-13.76,-42.41,-42.11,-39.79,-39.79,58.70,61.00,0.00,0.00,71.90,122.40,712.00,2.47,2.32,-59.64,-27.54,-70.28,-23.56,-71.22,-37.73,-73.25,-41.05,-89.30,-30.02,12.15,0.00,0.00,4.00,-42.07,-41.81,-42.84,-42.49,0.00,0.00,0.00,0.00,-43.42
6,2020,83.0833,0.00,0.00,-13.76,-42.41,-42.11,-39.79,-39.79,58.70,61.00,0.00,0.00,71.90,122.40,712.00,2.47,2.32,-59.64,-27.54,-70.28,-23.56,-71.22,-37.73,-73.25,-41.05,-89.30,-30.02,12.15,0.00,0.00,4.00,-42.07,-41.81,-42.84,-42.49,0.00,0.00,0.00,0.00,-43.42
6,2020,83.0833,0.00,0.00,-13.76,-42.41,-42.11,-39.79,-39.79,58.70,61.00,0.00,0.00,71.90,122.40,712.00,2.47,2.32,-59.64,-27.54,-70.28,-23.56,-71.22,-37.73,-73.25,-41.05,-89.30,-30.02,12.15,0.00,0.00,4.00,-42.07,-41.81,-42.84,-42.49,0.00,0.00,0.00,0.00,-43.42
6,2020,83.0833,0.00,0.00,-13.76,-42.41,-42.11,-39.79,-39.79,58.70,61.00,0.00,0.00,71.90,122.40,712.00,2.47,2.32,-59.64,-27.54,-70.28,-23.56,-71.22,-37.73,-73.25,-41.05,-89.30,-30.02,12.15,0.00,0.00,4.00,-42.07,-41.81,-42.84,-42.49,0.00,0.00,0.00,0.00,-43.42
6,2020,83.1250,0.00,0.00,-12.80,-42.26,-42.06,-39.79,-39.79,58.90,61.10,0.00,0.00,74.00,123.10,711.70,2.47,2.13,-59.05,-27.04,-69.71,-23.21,-70.90,-37.24,-72.72,-40.49,-88.80,-29.55,12.14,0.00,0.00,4.00,-42.07,-41.82,-42.61,-42.43,0.00,0.00,0.00,0.00,-42.88
6,2020,83.1667,0.00,0.00,-11.84,-42.70,-42.48,-39.79,-39.79,58.40,60.60,0.00,0.00,79.40,125.30,711.50,2.47,2.13,-59.09,-26.97,-69.68,-23.16,-70.99,-37.21,-72.55,-40.39,-88.70,-29.43,12.14,0.00,0.00,3.20,-42.40,-42.11,-42.86,-42.67,0.00,0.00,0.00,0.00,-42.79
6,2020,83.2083,0.00,0.00,-9.76,-42.35,-42.13,-39.79,-39.79,58.80,61.00,0.00,0.00,87.80,129.20,711.40,2.47,2.41,-59.10,-26.86,-69.51,-22.99,-70.75,-37.04,-72.44,-40.27,-88.60,-29.30,12.14,0.00,0.00,4.80,-42.29,-42.05,-42.42,-42.22,0.00,0.00,0.00,0.00,-42.67
6,2020,83.2083,0.00,0.00,-9.76,-42.35,-42.13,-39.79,-39.79,58.80,61.00,0.00,0.00,87.80,129.20,711.40,2.47,2.41,-59.10,-26.86,-69.51,-22.99,-70.75,-37.04,-72.44,-40.27,-88.60,-29.30,12.14,0.00,0.00,4.80,-42.29,-42.05,-42.42,-42.22,0.00,0.00,0.00,0.00,-42.67
6,2020,83.2083,0.00,0.00,-9.76,-42.35,-42.13,-39.79,-39.79,58.80,61.00,0.00,0.00,87.80,129.20,711.40,2.47,2.41,-59.10,-26.86,-69.51,-22.99,-70.75,-37.04,-72.44,-40.27,-88.60,-29.30,12.14,0.00,0.00,4.80,-42.29,-42.05,-42.42,-42.22,0.00,0.00,0.00,0.00,-42.67
6,2020,83.2083,0.00,0.00,-9.76,-42.35,-42.13,-39.79,-39.79,58.80,61.00,0.00,0.00,87.80,129.20,711.40,2.47,2.41,-59.10,-26.86,-69.51,-22.99,-70.75,-37.04,-72.44,-40.27,-88.60,-29.30,12.14,0.00,0.00,4.80,-42.29,-42.05,-42.42,-42.22,0.00,0.00,0.00,0.00,-42.67
6,2020,83.2083,0.00,0.00,-9.76,-42.35,-42.13,-39.79,-39.79,58.80,61.00,0.00,0.00,87.80,129.20,711.40,2.47,2.41,-59.10,-26.86,-69.51,-22.99,-70.75,-37.04,-72.44,-40.27,-88.60,-29.30,12.14,0.00,0.00,4.80,-42.29,-42.05,-42.42,-42.22,0.00,0.00,0.00,0.00,-42.67
6,2020,83.2083,0.00,0.00,-9.76,-42.35,-42.13,-39.79,-39.79,58.80,61.00,0.00,0.00,87.80,129.20,711.40,2.47,2.41,-59.10,-26.86,-69.51,-22.99,-70.75,-37.04,-72.44,-40.27,-88.60,-29.30,12.14,0.00,0.00,4.80,-42.29,-42.05,-42.42,-42.22,0.00,0.00,0.00,0.00,-42.67
6,2020,83.2083,0.00,0.00,-9.76,-42.35,-42.13,-39.79,-39.79,58.80,61.00,0.00,0.00,87.80,129.20,711.40,2.47,2.41,-59.10,-26.86,-69.51,-22.99,-70.75,-37.04,-72.44,-40.27,-88.60,-29.30,12.14,0.00,0.00,4.80,-42.29,-42.05,-42.42,-42.22,0.00,0.00,0.00,0.00,-42.67
6,2020,83.2083,0.00,0.00,-9.76,-42.35,-42.13,-39.79,-39.79,58.80,61.00,0.00,0.00,87.80,129.20,711.40,2.47,2.41,-59.10,-26.86,-69.51,-22.99,-70.75,-37.04,-72.44,-40.27,-88.60,-29.30,12.14,0.00,0.00,4.80,-42.29,-42.05,-42.42,-42.22,0.00,0.00,0.00,0.00,-42.67
6,2020,83.2083,0.00,0.00,-9.76,-42.35,-42.13,-39.79,-39.79,58.80,61.00,0.00,0.00,87.80,129.20,711.40,2.47,2.41,-59.10,-26.86,-69.51,-22.99,-70.75,-37.04,-72.44,-40.27,-88.60,-29.30,12.14,0.00,0.00,4.80,-42.29,-42.05,-42.42,-42.22,0.00,0.00,0.00,0.00,-42.67
6,2020,83.2083,0.00,0.00,-9.76,-42.35,-42.13,-39.79,-39.79,58.80,61.00,0.00,0.00,87.80,129.20,711.40,2.47,2.41,-59.10,-26.86,-69.51,-22.99,-70.75,-37.04,-72.44,-40.27,-88.60,-29.30,12.14,0.00,0.00,4.80,-42.29,-42.05,-42.42,-42.22,0.00,0.00,0.00,0.00,-42.67
6,2020,83.2083,0.00,0.00,-9.76,-42.35,-42.13,-39.79,-39.79,58.80,61.00,0.00,0.00,87.80,129.20,711.40,2.47,2.41,-59.10,-26.86,-69.51,-22.99,-70.75,-37.04,-72.44,-40.27,-88.60,-29.30,12.14,0.00,0.00,4.80,-42.29,-42.05,-42.42,-42.22,0.00,0.00,0.00,0.00,-42.67
6,2020,83.2500,0.00,0.00,-4.80,-41.67,-41.37,-39.79,-39.79,59.40,61.60,0.00,0.00,98.70,131.20,711.20,2.47,1.77,-59.11,-26.57,-69.08,-22.72,-70.36,-36.62,-72.02,-39.84,-88.10,-28.92,12.14,0.00,0.00,5.60,-41.35,-41.15,-42.33,-42.06,0.00,0.00,0.00,0.00,-42.26
6,2020,83.2917,0.00,0.00,-8.40,-41.65,-41.55,-39.79,-39.79,59.50,61.70,0.00,0.00,103.00,133.70,711.10,2.47,0.56,-58.47,-26.19,-68.77,-22.49,-70.00,-36.33,-71.64,-39.57,-87.80,-28.64,12.14,0.00,0.00,4.00,-41.36,-41.21,-41.82,-41.69,0.00,0.00,0.00,0.00,-41.93
6,2020,83.3333,0.00,0.20,-6.72,-41.75,-41.55,-39.79,-39.79,59.40,61.60,0.00,0.00,104.40,135.40,711.10,2.47,0.67,-58.56,-26.17,-68.72,-22.37,-70.00,-36.30,-71.65,-39.48,-87.70,-28.55,12.14,0.00,0.00,3.20,-41.68,-41.44,-41.85,-41.69,0.00,0.00,0.00,0.00,-41.87
6,2020,83.3333,0.00,0.20,-6.72,-41.75,-41.55,-39.79,-39.79,59.40,61.60,0.00,0.00,104.40,135.40,711.10,2.47,0.67,-58.56,-26.17,-68.72,-22.37,-70.00,-36.30,-71.65,-39.48,-87.70,-28.55,12.14,0.00,0.00,3.20,-41.68,-41.44,-41.85,-41.69,0.00,0.00,0.00,0.00,-41.87
6,2020,83.3333,0.00,0.20,-6.72,-41.75,-41.55,-39.79,-39.79,59.40,61.60,0.00,0.00,104.40,135.40,711.10,2.47,0.67,-58.56,-26.17,-68.72,-22.37,-70.00,-36.30,-71.65,-39.48,-87.70,-28.55,12.14,0.00,0.00,3.20,-41.68,-41.44,-41.85,-41.69,0.00,0.00,0.00,0.00,-41.87
6,2020,83.3333,0.00,0.20,-6.72,-41.75,-41.55,-39.79,-39.79,59.40,61.60,0.00,0.00,104.40,135.40,711.10,2.47,0.67,-58.56,-26.17,-68.72,-22.37,-70.00,-36.30,-71.65,-39.48,-87.70,-28.55,12.14,0.00,0.00,3.20,-41.68,-41.44,-41.85,-41.69,0.00,0.00,0.00,0.00,-41.87
6,2020,83.3333,0.00,0.20,-6.72,-41.75,-41.55,-39.79,-39.79,59.40,61.60,0.00,0.00,104.40,135.40,711.10,2.47,0.67,-58.56,-26.17,-68.72,-22.37,-70.00,-36.30,-71.65,-39.48,-87.70,-28.55,12.14,0.00,0.00,3.20,-41.68,-41.44,-41.85,-41.69,0.00,0.00,0.00,0.00,-41.87
6,2020,83.3333,0.00,0.20,-6.72,-41.75,-41.55,-39.79,-39.79,59.40,61.60,0.00,0.00,104.40,135.40,711.10,2.47,0.67,-58.56,-26.17,-68.72,-22.37,-70.00,-36.30,-71.65,-39.48,-87.70,-28.55,12.14,0.00,0.00,3.20,-41.68,-41.44,-41.85,-41.69,0.00,0.00,0.00,0.00,-41.87
6,2020,83.3333,0.00,0.20,-6.72,-41.75,-41.55,-39.79,-39.79,59.40,61.60,0.00,0.00,104.40,135.40,711.10,2.47,0.67,-58.56,-26.17,-68.72,-22.37,-70.00,-36.30,-71.65,-39.48,-87.70,-28.55,12.14,0.00,0.00,3.20,-41.68,-41.44,-41.85,-41.69,0.00,0.00,0.00,0.00,-41.87
6,2020,83.3333,0.00,0.20,-6.72,-41.75,-41.55,-39.79,-39.79,59.40,61.60,0.00,0.00,104.40,135.40,711.10,2.47,0.67,-58.56,-26.17,-68.72,-22.37,-70.00,-36.30,-71.65,-39.48,-87.70,-28.55,12.14,0.00,0.00,3.20,-41.68,-41.44,-41.85,-41.69,0.00,0.00,0.00,0.00,-41.87
6,2020,83.3333,0.00,0.20,-6.72,-41.75,-41.55,-39.79,-39.79,59.40,61.60,0.00,0.00,104.40,135.40,711.10,2.47,0.67,-58.56,-26.17,-68.72,-22.37,-70.00,-36.30,-71.65,-39.48,-87.70,-28.55,12.14,0.00,0.00,3.20,-41.68,-41.44,-41.85,-41.69,0.00,0.00,0.00,0.00,-41.87
6,2020,83.3333,0.00,0.20,-6.72,-41.75,-41.55,-39.79,-39.79,59.40,61.60,0.00,0.00,104.40,135.40,711.10,2.47,0.67,-58.56,-26.17,-68.72,-22.37,-70.00,-36.30,-71.65,-39.48,-87.70,-28.55,12.14,0.00,0.00,3.20,-41.68,-41.44,-41.85,-41.69,0.00,0.00,0.00,0.00,-41.87
6,2020,83.3750,3.80,8.80,-10.00,-42.21,-42.14,-39.79,-39.79,59.00,61.20,0.00,0.00,104.30,134.50,711.20,2.47,0.74,-58.46,-26.26,-68.87,-22.64,-70.06,-36.39,-71.78,-39.65,-87.90,-28.73,12.14,12.00,4.00,3.20,-41.79,-41.66,-42.64,-42.55,0.00,0.00,0.00,0.00,-42.04
6,2020,83.4167,35.40,78.60,-19.52,-42.30,-42.03,-39.79,-39.79,58.70,61.00,0.00,0.00,103.50,133.90,711.20,2.48,1.27,-58.00,-26.40,-69.11,-22.80,-70.39,-36.73,-72.00,-39.95,-88.10,-29.01,12.15,56.00,12.00,4.80,-41.51,-41.17,-42.69,-42.56,0.00,0.00,0.00,0.00,-42.31
6,2020,83.4583,62.60,135.40,-28.48,-40.56,-40.51,-39.77,-39.75,60.40,62.60,0.00,0.00,108.50,136.90,710.80,2.47,0.75,-56.56,-25.60,-68.38,-22.18,-69.67,-36.00,-71.37,-39.24,-87.50,-28.32,12.17,82.00,10.00,5.60,-39.88,-40.14,-41.49,-41.17,0.00,0.00,0.00,0.00,-41.65
6,2020,83.4583,62.60,135.40,-28.48,-40.56,-40.51,-39.77,-39.75,60.40,62.60,0.00,0.00,108.50,136.90,710.80,2.47,0.75,-56.56,-25.60,-68.38,-22.18,-69.67,-36.00,-71.37,-39.24,-87.50,-28.32,12.17,82.00,10.00,5.60,-39.88,-40.14,-41.49,-41.17,0.00,0.00,0.00,0.00,-41.65
6,2020,83.4583,62.60,135.40,-28.48,-40.56,-40.51,-39.77,-39.75,60.40,62.60,0.00,0.00,108.50,136.90,710.80,2.47,0.75,-56.56,-25.60,-68.38,-22.18,-69.67,-36.00,-71.37,-39.24,-87.50,-28.32,12.17,82.00,10.00,5.60,-39.88,-40.14,-41.49,-41.17,0.00,0.00,0.00,0.00,-41.65
6,2020,83.4583,62.60,135.40,-28.48,-40.56,-40.51,-39.77,-39.75,60.40,62.60,0.00,0.00,108.50,136.90,710.80,2.47,0.75,-56.56,-25.60,-68.38,-22.18,-69.67,-36.00,-71.37,-39.24,-87.50,-28.32,12.17,82.00,10.00,5.60,-39.88,-40.14,-41.49,-41.17,0.00,0.00,0.00,0.00,-41.65
6,2020,83.4583,62.60,135.40,-28.48,-40.56,-40.51,-39.77,-39.75,60.40,62.60,0.00,0.00,108.50,136.90,710.80,2.47,0.75,-56.56,-25.60,-68.38,-22.18,-69.67,-36.00,-71.37,-39.24,-87.50,-28.32,12.17,82.00,10.00,5.60,-39.88,-40.14,-41.49,-41.17,0.00,0.00,0.00,0.00,-41.65
6,2020,83.4583,62.60,135.40,-28.48,-40.56,-40.51,-39.77,-39.75,60.40,62.60,0.00,0.00,108.50,136.90,710.80,2.47,0.75,-56.56,-25.60,-68.38,-22.18,-69.67,-36.00,-71.37,-39.24,-87.50,-28.32,12.17,82.00,10.00,5.60,-39.88,-40.14,-41.49,-41.17,0.00,0.00,0.00,0.00,-41.65
6,2020,83.4583,62.60,135.40,-28.48,-40.56,-40.51,-39.77,-39.75,60.40,62.60,0.00,0.00,108.50,136.90,710.80,2.47,0.75,-56.56,-25.60,-68.38,-22.18,-69.67,-36.00,-71.37,-39.24,-87.50,-28.32,12.17,82.00,10.00,5.60,-39.88,-40.14,-41.49,-41.17,0.00,0.00,0.00,0.00,-41.65
6,2020,83.4583,62.60,135.40,-28.48,-40.56,-40.51,-39.77,-39.75,60.40,62.60,0.00,0.00,108.50,136.90,710.80,2.47,0.75,-56.56,-25.60,-68.38,-22.18,-69.67,-36.00,-71.37,-39.24,-87.50,-28.32,12.17,82.00,10.00,5.60,-39.88,-40.14,-41.49,-41.17,0.00,0.00,0.00,0.00,-41.65
6,2020,83.4583,62.60,135.40,-28.48,-40.56,-40.51,-39.77,-39.75,60.40,62.60,0.00,0.00,108.50,136.90,710.80,2.47,0.75,-56.56,-25.60,-68.38,-22.18,-69.67,-36.00,-71.37,-39.24,-87.50,-28.32,12.17,82.00,10.00,5.60,-39.88,-40.14,-41.49,-41.17,0.00,0.00,0.00,0.00,-41.65
6,2020,83.4583,62.60,135.40,-28.48,-40.56,-40.51,-39.77,-39.75,60.40,62.60,0.00,0.00,108.50,136.90,710.80,2.47,0.75,-56.56,-25.60,-68.38,-22.18,-69.67,-36.00,-71.37,-39.24,-87.50,-28.32,12.17,82.00,10.00,5.60,-39.88,-40.14,-41.49,-41.17,0.00,0.00,0.00,0.00,-41.65
6,2020,83.5000,92.00,226.60,-22.80,-38.73,-39.07,-38.62,-38.92,62.30,64.00,0.00,0.00,115.10,141.20,710.40,2.47,0.65,-55.83,-24.44,-67.04,-21.23,-68.39,-34.75,-69.98,-37.95,-86.10,-27.03,12.20,108.00,8.00,2.40,-37.46,-38.13,-39.88,-40.15,0.00,0.00,0.00,0.00,-40.35
6,2020,83.5417,127.00,296.00,-12.96,-36.27,-37.38,-36.15,-37.27,65.20,65.90,0.00,0.00,121.00,147.10,710.30,2.46,0.66,-55.06,-23.10,-65.47,-19.91,-66.35,-33.10,-68.34,-36.39,-84.40,-25.52,12.22,144.00,10.00,7.20,-35.28,-36.82,-37.48,-38.16,0.00,0.00,0.00,0.00,-38.80
6,2020,83.5833,155.20,339.60,14.24,-34.75,-36.56,-34.66,-36.31,67.20,66.90,0.00,0.00,125.90,152.20,710.10,2.36,0.59,-56.24,-22.57,-64.57,-19.08,-66.14,-32.31,-67.37,-35.41,-83.40,-24.53,12.23,168.00,6.00,6.40,-34.31,-36.33,-35.28,-36.81,0.00,0.00,0.00,0.00,-37.82
6,2020,83.5833,155.20,339.60,14.24,-34.75,-36.56,-34.66,-36.31,67.20,66.90,0.00,0.00,125.90,152.20,710.10,2.36,0.59,-56.24,-22.57,-64.57,-19.08,-66.14,-32.31,-67.37,-35.41,-83.40,-24.53,12.23,168.00,6.00,6.40,-34.31,-36.33,-35.28,-36.81,0.00,0.00,0.00,0.00,-37.82
6,2020,83.5833,155.20,339.60,14.24,-34.75,-36.56,-34.66,-36.31,67.20,66.90,0.00,0.00,125.90,152.20,710.10,2.36,0.59,-56.24,-22.57,-64.57,-19.08,-66.14,-32.31,-67.37,-35.41,-83.40,-24.53,12.23,168.00,6.00,6.40,-34.31,-36.33,-35.28,-36.81,0.00,0.00,0.00,0.00,-37.82
6,2020,83.5833,155.20,339.60,14.24,-34.75,-36.56,-34.66,-36.31,67.20,66.90,0.00,0.00,125.90,152.20,710.10,2.36,0.59,-56.24,-22.57,-64.57,-19.08,-66.14,-32.31,-67.37,-35.41,-83.40,-24.53,12.23,168.00,6.00,6.40,-34.31,-36.33,-35.28,-36.81,0.00,0.00,0.00,0.00,-37.82
6,2020,83.5833,155.20,339.60,14.24,-34.75,-36.56,-34.66,-36.31,67.20,66.90,0.00,0.00,125.90,152.20,710.10,2.36,0.59,-56.24,-22.57,-64.57,-19.08,-66.14,-32.31,-67.37,-35.41,-83.40,-24.53,12.23,168.00,6.00,6.40,-34.31,-36.33,-35.28,-36.81,0.00,0.00,0.00,0.00,-37.82
6,2020,83.5833,155.20,339.60,14.24,-34.75,-36.56,-34.66,-36.31,67.20,66.90,0.00,0.00,125.90,152.20,710.10,2.36,0.59,-56.24,-22.57,-64.57,-19.08,-66.14,-32.31,-67.37,-35.41,-83.40,-24.53,12.23,168.00,6.00,6.40,-34.31,-36.33,-35.28,-36.81,0.00,0.00,0.00,0.00,-37.82
6,2020,83.5833,155.20,339.60,14.24,-34.75,-36.56,-34.66,-36.31,67.20,66.90,0.00,0.00,125.90,152.20,710.10,2.36,0.59,-56.24,-22.57,-64.57,-19.08,-66.14,-32.31,-67.37,-35.41,-83.40,-24.53,12.23,168.00,6.00,6.40,-34.31,-36.33,-35.28,-36.81,0.00,0.00,0.00,0.00,-37.82
6,2020,83.5833,155.20,339.60,14.24,-34.75,-36.56,-34.66,-36.31,67.20,66.90,0.00,0.00,125.90,152.20,710.10,2.36,0.59,-56.24,-22.57,-64.57,-19.08,-66.14,-32.31,-67.37,-35.41,-83.40,-24.53,12.23,168.00,6.00,6.40,-34.31,-36.33,-35.28,-36.81,0.00,0.00,0.00,0.00,-37.82
6,2020,83.5833,155.20,339.60,14.24,-34.75,-36.56,-34.66,-36.31,67.20,66.90,0.00,0.00,125.90,152.20,710.10,2.36,0.59,-56.24,-22.57,-64.57,-19.08,-66.14,-32.31,-67.37,-35.41,-83.40,-24.53,12.23,168.00,6.00,6.40,-34.31,-36.33,-35.28,-36.81,0.00,0.00,0.00,0.00,-37.82
6,2020,83.5833,155.20,339.60,14.24,-34.75,-36.56,-34.66,-36.31,67.20,66.90,0.00,0.00,125.90,152.20,710.10,2.36,0.59,-56.24,-22.57,-64.57,-19.08,-66.14,-32.31,-67.37,-35.41,-83.40,-24.53,12.23,168.00,6.00,6.40,-34.31,-36.33,-35.28,-36.81,0.00,0.00,0.00,0.00,-37.82
6,2020,83.6250,166.60,343.80,21.44,-34.12,-36.07,-34.11,-35.76,68.10,67.40,0.00,0.00,132.20,158.30,709.90,2.41,0.41,-55.78,-21.62,-63.44,-18.34,-64.12,-31.02,-66.18,-34.34,-82.20,-23.39,12.25,178.00,6.00,2.40,-34.03,-35.83,-34.34,-36.35,0.00,0.00,0.00,0.00,-36.72
6,2020,83.6667,163.60,348.00,21.20,-33.98,-35.42,-34.05,-35.20,68.20,68.10,0.00,0.00,141.50,170.40,709.90,2.41,0.50,-54.37,-20.32,-62.10,-17.29,-63.63,-29.93,-64.83,-33.00,-80.80,-22.08,12.26,174.00,6.00,4.80,-33.66,-34.87,-34.13,-35.85,0.00,0.00,0.00,0.00,-35.41
6,2020,83.7083,117.20,325.60,34.16,-33.24,-34.26,-33.20,-34.05,69.00,69.90,0.00,0.00,146.00,182.40,709.80,2.41,0.66,-54.27,-19.35,-60.91,-16.29,-62.35,-28.71,-63.60,-31.82,-79.54,-20.83,12.26,152.00,22.00,8.00,-32.89,-33.79,-33.67,-34.87,0.00,0.00,0.00,0.00,-34.24
6,2020,83.7083,117.20,325.60,34.16,-33.24,-34.26,-33.20,-34.05,69.00,69.90,0.00,0.00,146.00,182.40,709.80,2.41,0.66,-54.27,-19.35,-60.91,-16.29,-62.35,-28.71,-63.60,-31.82,-79.54,-20.83,12.26,152.00,22.00,8.00,-32.89,-33.79,-33.67,-34.87,0.00,0.00,0.00,0.00,-34.24
6,2020,83.7083,117.20,325.60,34.16,-33.24,-34.26,-33.20,-34.05,69.00,69.90,0.00,0.00,146.00,182.40,709.80,2.41,0.66,-54.27,-19.35,-60.91,-16.29,-62.35,-28.71,-63.60,-31.82,-79.54,-20.83,12.26,152.00,22.00,8.00,-32.89,-33.79,-33.67,-34.87,0.00,0.00,0.00,0.00,-34.24
6,2020,83.7083,117.20,325.60,34.16,-33.24,-34.26,-33.20,-34.05,69.00,69.90,0.00,0.00,146.00,182.40,709.80,2.41,0.66,-54.27,-19.35,-60.91,-16.29,-62.35,-28.71,-63.60,-31.82,-79.54,-20.83,12.26,152.00,22.00,8.00,-32.89,-33.79,-33.67,-34.87,0.00,0.00,0.00,0.00,-34.24
6,2020,83.7083,117.20,325.60,34.16,-33.24,-34.26,-33.20,-34.05,69.00,69.90,0.00,0.00,146.00,182.40,709.80,2.41,0.66,-54.27,-19.35,-60.91,-16.29,-62.35,-28.71,-63.60,-31.82,-79.54,-20.83,12.26,152.00,22.00,8.00,-32.89,-33.79,-33.67,-34.87,0.00,0.00,0.00,0.00,-34.24
6,2020,83.7083,117.20,325.60,34.16,-33.24,-34.26,-33.20,-34.05,69.00,69.90,0.00,0.00,146.00,182.40,709.80,2.41,0.66,-54.27,-19.35,-60.91,-16.29,-62.35,-28.71,-63.60,-31.82,-79.54,-20.83,12.26,152.00,22.00,8.00,-32.89,-33.79,-33.67,-34.87,0.00,0.00,0.00,0.00,-34.24
6,2020,83.7083,117.20,325.60,34.16,-33.24,-34.26,-33.20,-34.05,69.00,69.90,0.00,0.00,146.00,182.40,709.80,2.41,0.66,-54.27,-19.35,-60.91,-16.29,-62.35,-28.71,-63.60,-31.82,-79.54,-20.83,12.26,152.00,22.00,8.00,-32.89,-33.79,-33.67,-34.87,0.00,0.00,0.00,0.00,-34.24
6,2020,83.7083,117.20,325.60,34.16,-33.24,-34.26,-33.20,-34.05,69.00,69.90,0.00,0.00,146.00,182.40,709.80,2.41,0.66,-54.27,-19.35,-60.91,-16.29,-62.35,-28.71,-63.60,-31.82,-79.54,-20.83,12.26,152.00,22.00,8.00,-32.89,-33.79,-33.67,-34.87,0.00,0.00,0.00,0.00,-34.24
6,2020,83.7083,117.20,325.60,34.16,-33.24,-34.26,-33.20,-34.05,69.00,69.90,0.00,0.00,146.00,182.40,709.80,2.41,0.66,-54.27,-19.35,-60.91,-16.29,-62.35,-28.71,-63.60,-31.82,-79.54,-20.83,12.26,152.00,22.00,8.00,-32.89,-33.79,-33.67,-34.87,0.00,0.00,0.00,0.00,-34.24
6,2020,83.7083,117.20,325.60,34.16,-33.24,-34.26,-33.20,-34.05,69.00,69.90,0.00,0.00,146.00,182.40,709.80,2.41,0.66,-54.27,-19.35,-60.91,-16.29,-62.35,-28.71,-63.60,-31.82,-79.54,-20.83,12.26,152.00,22.00,8.00,-32.89,-33.79,-33.67,-34.87,0.00,0.00,0.00,0.00,-34.24
6,2020,83.7500,71.40,270.40,15.92,-33.07,-33.92,-33.11,-33.79,69.20,71.40,0.00,0.00,136.90,183.40,709.90,2.42,0.74,-52.10,-18.39,-60.10,-15.75,-61.37,-27.96,-62.80,-31.12,-78.76,-20.08,12.30,92.00,8.00,6.40,-32.86,-33.77,-33.44,-34.13,0.00,0.00,0.00,0.00,-33.53
6,2020,83.7917,64.00,182.60,-8.64,-34.08,-34.66,-34.24,-34.55,68.30,70.90,0.00,0.00,119.20,172.80,710.00,2.42,0.67,-50.13,-17.93,-59.90,-15.62,-61.05,-27.81,-62.68,-31.00,-78.59,-19.97,12.30,78.00,10.00,4.80,-33.42,-34.11,-34.76,-35.29,0.00,0.00,0.00,0.00,-33.41
6,2020,83.8333,38.80,131.40,-13.44,-35.61,-36.01,-35.86,-35.95,66.70,69.40,0.00,0.00,119.10,174.80,710.40,2.43,0.83,-50.44,-18.52,-60.54,-16.08,-61.79,-28.45,-63.36,-31.61,-79.32,-20.67,12.28,56.00,8.00,4.00,-34.77,-35.27,-36.63,-36.81,0.00,0.00,0.00,0.00,-34.04
6,2020,83.8333,38.80,131.40,-13.44,-35.61,-36.01,-35.86,-35.95,66.70,69.40,0.00,0.00,119.10,174.80,710.40,2.43,0.83,-50.44,-18.52,-60.54,-16.08,-61.79,-28.45,-63.36,-31.61,-79.32,-20.67,12.28,56.00,8.00,4.00,-34.77,-35.27,-36.63,-36.81,0.00,0.00,0.00,0.00,-34.04
6,2020,83.8333,38.80,131.40,-13.44,-35.61,-36.01,-35.86,-35.95,66.70,69.40,0.00,0.00,119.10,174.80,710.40,2.43,0.83,-50.44,-18.52,-60.54,-16.08,-61.79,-28.45,-63.36,-31.61,-79.32,-20.67,12.28,56.00,8.00,4.00,-34.77,-35.27,-36.63,-36.81,0.00,0.00,0.00,0.00,-34.04
6,2020,83.8333,38.80,131.40,-13.44,-35.61,-36.01,-35.86,-35.95,66.70,69.40,0.00,0.00,119.10,174.80,710.40,2.43,0.83,-50.44,-18.52,-60.54,-16.08,-61.79,-28.45,-63.36,-31.61,-79.32,-20.67,12.28,56.00,8.00,4.00,-34.77,-35.27,-36.63,-36.81,0.00,0.00,0.00,0.00,-34.04
6,2020,83.8333,38.80,131.40,-13.44,-35.61,-36.01,-35.86,-35.95,66.70,69.40,0.00,0.00,119.10,174.80,710.40,2.43,0.83,-50.44,-18.52,-60.54,-16.08,-61.79,-28.45,-63.36,-31.61,-79.32,-20.67,12.28,56.00,8.00,4.00,-34.77,-35.27,-36.63,-36.81,0.00,0.00,0.00,0.00,-34.04
6,2020,83.8333,38.80,131.40,-13.44,-35.61,-36.01,-35.86,-35.95,66.70,69.40,0.00,0.00,119.10,174.80,710.40,2.43,0.83,-50.44,-18.52,-60.54,-16.08,-61.79,-28.45,-63.36,-31.61,-79.32,-20.67,12.28,56.00,8.00,4.00,-34.77,-35.27,-36.63,-36.81,0.00,0.00,0.00,0.00,-34.04
6,2020,83.8333,38.80,131.40,-13.44,-35.61,-36.01,-35.86,-35.95,66.70,69.40,0.00,0.00,119.10,174.80,710.40,2.43,0.83,-50.44,-18.52,-60.54,-16.08,-61.79,-28.45,-63.36,-31.61,-79.32,-20.67,12.28,56.00,8.00,4.00,-34.77,-35.27,-36.63,-36.81,0.00,0.00,0.00,0.00,-34.04
6,2020,83.8333,38.80,131.40,-13.44,-35.61,-36.01,-35.86,-35.95,66.70,69.40,0.00,0.00,119.10,174.80,710.40,2.43,0.83,-50.44,-18.52,-60.54,-16.08,-61.79,-28.45,-63.36,-31.61,-79.32,-20.67,12.28,56.00,8.00,4.00,-34.77,-35.27,-36.63,-36.81,0.00,0.00,0.00,0.00,-34.04
6,2020,83.8333,38.80,131.40,-13.44,-35.61,-36.01,-35.86,-35.95,66.70,69.40,0.00,0.00,119.10,174.80,710.40,2.43,0.83,-50.44,-18.52,-60.54,-16.08,-61.79,-28.45,-63.36,-31.61,-79.32,-20.67,12.28,56.00,8.00,4.00,-34.77,-35.27,-36.63,-36.81,0.00,0.00,0.00,0.00,-34.04
6,2020,83.8333,38.80,131.40,-13.44,-35.61,-36.01,-35.86,-35.95,66.70,69.40,0.00,0.00,119.10,174.80,710.40,2.43,0.83,-50.44,-18.52,-60.54,-16.08,-61.79,-28.45,-63.36,-31.61,-79.32,-20.67,12.28,56.00,8.00,4.00,-34.77,-35.27,-36.63,-36.81,0.00,0.00,0.00,0.00,-34.04
6,2020,83.8333,38.80,131.40,-13.44,-35.61,-36.01,-35.86,-35.95,66.70,69.40,0.00,0.00,119.10,174.80,710.40,2.43,0.83,-50.44,-18.52,-60.54,-16.08,-61.79,-28.45,-63.36,-31.61,-79.32,-20.67,12.28,56.00,8.00,4.00,-34.77,-35.27,-36.63,-36.81,0.00,0.00,0.00,0.00,-34.04
6,2020,83.8750,20.40,71.00,-16.32,-37.66,-37.54,-37.82,-37.40,64.50,67.50,0.00,0.00,124.30,186.70,710.80,2.44,1.03,-51.53,-19.81,-61.94,-17.09,-63.17,-29.82,-64.79,-33.01,-80.80,-22.12,12.22,36.00,8.00,2.40,-36.62,-36.80,-38.70,-38.24,0.00,0.00,0.00,0.00,-35.42
6,2020,83.9167,2.80,8.80,-8.16,-39.79,-39.20,-39.54,-38.95,62.30,65.20,0.00,0.00,123.10,193.50,711.20,2.45,2.27,-54.04,-21.82,-63.98,-18.73,-65.19,-31.74,-66.80,-34.93,-82.90,-24.10,12.19,8.00,2.00,3.20,-38.69,-38.25,-40.97,-40.30,0.00,0.00,0.00,0.00,-37.36
6,2020,83.9583,0.00,0.20,-9.76,-42.14,-41.38,-39.79,-39.79,59.80,62.50,0.00,0.00,120.90,193.80,711.60,2.45,2.81,-56.26,-24.09,-66.47,-20.62,-67.60,-34.11,-69.35,-37.33,-85.40,-26.48,12.17,0.00,0.00,2.40,-40.98,-40.30,-43.12,-42.27,0.00,0.00,0.00,0.00,-39.74
6,2020,83.9583,0.00,0.20,-9.76,-42.14,-41.38,-39.79,-39.79,59.80,62.50,0.00,0.00,120.90,193.80,711.60,2.45,2.81,-56.26,-24.09,-66.47,-20.62,-67.60,-34.11,-69.35,-37.33,-85.40,-26.48,12.17,0.00,0.00,2.40,-40.98,-40.30,-43.12,-42.27,0.00,0.00,0.00,0.00,-39.74
6,2020,83.9583,0.00,0.20,-9.76,-42.14,-41.38,-39.79,-39.79,59.80,62.50,0.00,0.00,120.90,193.80,711.60,2.45,2.81,-56.26,-24.09,-66.47,-20.62,-67.60,-34.11,-69.35,-37.33,-85.40,-26.48,12.17,0.00,0.00,2.40,-40.98,-40.30,-43.12,-42.27,0.00,0.00,0.00,0.00,-39.74
6,2020,83.9583,0.00,0.20,-9.76,-42.14,-41.38,-39.79,-39.79,59.80,62.50,0.00,0.00,120.90,193.80,711.60,2.45,2.81,-56.26,-24.09,-66.47,-20.62,-67.60,-34.11,-69.35,-37.33,-85.40,-26.48,12.17,0.00,0.00,2.40,-40.98,-40.30,-43.12,-42.27,0.00,0.00,0.00,0.00,-39.74
6,2020,83.9583,0.00,0.20,-9.76,-42.14,-41.38,-39.79,-39.79,59.80,62.50,0.00,0.00,120.90,193.80,711.60,2.45,2.81,-56.26,-24.09,-66.47,-20.62,-67.60,-34.11,-69.35,-37.33,-85.40,-26.48,12.17,0.00,0.00,2.40,-40.98,-40.30,-43.12,-42.27,0.00,0.00,0.00,0.00,-39.74
6,2020,83.9583,0.00,0.20,-9.76,-42.14,-41.38,-39.79,-39.79,59.80,62.50,0.00,0.00,120.90,193.80,711.60,2.45,2.81,-56.26,-24.09,-66.47,-20.62,-67.60,-34.11,-69.35,-37.33,-85.40,-26.48,12.17,0.00,0.00,2.40,-40.98,-40.30,-43.12,-42.27,0.00,0.00,0.00,0.00,-39.74
6,2020,83.9583,0.00,0.20,-9.76,-42.14,-41.38,-39.79,-39.79,59.80,62.50,0.00,0.00,120.90,193.80,711.60,2.45,2.81,-56.26,-24.09,-66.47,-20.62,-67.60,-34.11,-69.35,-37.33,-85.40,-26.48,12.17,0.00,0.00,2.40,-40.98,-40.30,-43.12,-42.27,0.00,0.00,0.00,0.00,-39.74
6,2020,83.9583,0.00,0.20,-9.76,-42.14,-41.38,-39.79,-39.79,59.80,62.50,0.00,0.00,120.90,193.80,711.60,2.45,2.81,-56.26,-24.09,-66.47,-20.62,-67.60,-34.11,-69.35,-37.33,-85.40,-26.48,12.17,0.00,0.00,2.40,-40.98,-40.30,-43.12,-42.27,0.00,0.00,0.00,0.00,-39.74
6,2020,83.9583,0.00,0.20,-9.76,-42.14,-41.38,-39.79,-39.79,59.80,62.50,0.00,0.00,120.90,193.80,711.60,2.45,2.81,-56.26,-24.09,-66.47,-20.62,-67.60,-34.11,-69.35,-37.33,-85.40,-26.48,12.17,0.00,0.00,2.40,-40.98,-40.30,-43.12,-42.27,0.00,0.00,0.00,0.00,-39.74
6,2020,83.9583,0.00,0.20,-9.76,-42.14,-41.38,-39.79,-39.79,59.80,62.50,0.00,0.00,120.90,193.80,711.60,2.45,2.81,-56.26,-24.09,-66.47,-20.62,-67.60,-34.11,-69.35,-37.33,-85.40,-26.48,12.17,0.00,0.00,2.40,-40.98,-40.30,-43.12,-42.27,0.00,0.00,0.00,0.00,-39.74
6,2020,84.0000,0.00,0.00,-12.16,-43.75,-42.89,-39.79,-39.79,58.00,60.90,0.00,0.00,119.10,193.80,712.00,2.45,2.90,-58.18,-26.10,-68.68,-22.42,-69.94,-36.28,-71.62,-39.52,-87.70,-28.61,12.17,0.00,0.00,3.20,-43.13,-42.27,-44.33,-43.51,0.00,0.00,0.00,0.00,-41.89
6,2020,84.0417,0.00,0.00,-7.68,-44.85,-44.11,-39.79,-39.79,56.80,59.70,0.00,0.00,117.50,193.80,712.40,2.45,2.54,-60.22,-27.83,-70.52,-23.79,-71.70,-38.01,-73.50,-41.27,-89.60,-30.29,12.16,0.00,0.00,3.20,-44.31,-43.49,-45.42,-44.64,0.00,0.00,0.00,0.00,-43.64
6,2020,84.0833,0.00,0.00,-3.52,-45.71,-44.92,-39.79,-39.79,55.80,58.70,0.00,0.00,117.30,193.80,712.70,2.45,2.90,-61.90,-29.15,-71.90,-25.02,-73.01,-39.32,-74.86,-42.59,-91.00,-31.56,12.16,0.00,0.00,3.20,-45.41,-44.63,-45.84,-45.04,0.00,0.00,0.00,0.00,-44.96
6,2020,84.0833,0.00,0.00,-3.52,-45.71,-44.92,-39.79,-39.79,55.80,58.70,0.00,0.00,117.30,193.80,712.70,2.45,2.90,-61.90,-29.15,-71.90,-25.02,-73.01,-39.32,-74.86,-42.59,-91.00,-31.56,12.16,0.00,0.00,3.20,-45.41,-44.63,-45.84,-45.04,0.00,0.00,0.00,0.00,-44.96
6,2020,84.0833,0.00,0.00,-3.52,-45.71,-44.92,-39.79,-39.79,55.80,58.70,0.00,0.00,117.30,193.80,712.70,2.45,2.90,-61.90,-29.15,-71.90,-25.02,-73.01,-39.32,-74.86,-42.59,-91.00,-31.56,12.16,0.00,0.00,3.20,-45.41,-44.63,-45.84,-45.04,0.00,0.00,0.00,0.00,-44.96
6,2020,84.0833,0.00,0.00,-3.52,-45.71,-44.92,-39.79,-39.79,55.80,58.70,0.00,0.00,117.30,193.80,712.70,2.45,2.90,-61.90,-29.15,-71.90,-25.02,-73.01,-39.32,-74.86,-42.59,-91.00,-31.56,12.16,0.00,0.00,3.20,-45.41,-44.63,-45.84,-45.04,0.00,0.00,0.00,0.00,-44.96
6,2020,84.0833,0.00,0.00,-3.52,-45.71,-44.92,-39.79,-39.79,55.80,58.70,0.00,0.00,117.30,193.80,712.70,2.45,2.90,-61.90,-29.15,-71.90,-25.02,-73.01,-39.32,-74.86,-42.59,-91.00,-31.56,12.16,0.00,0.00,3.20,-45.41,-44.63,-45.84,-45.04,0.00,0.00,0.00,0.00,-44.96
6,2020,84.0833,0.00,0.00,-3.52,-45.71,-44.92,-39.79,-39.79,55.80,58.70,0.00,0.00,117.30,193.80,712.70,2.45,2.90,-61.90,-29.15,-71.90,-25.02,-73.01,-39.32,-74.86,-42.59,-91.00,-31.56,12.16,0.00,0.00,3.20,-45.41,-44.63,-45.84,-45.04,0.00,0.00,0.00,0.00,-44.96
6,2020,84.0833,0.00,0.00,-3.52,-45.71,-44.92,-39.79,-39.79,55.80,58.70,0.00,0.00,117.30,193.80,712.70,2.45,2.90,-61.90,-29.15,-71.90,-25.02,-73.01,-39.32,-74.86,-42.59,-91.00,-31.56,12.16,0.00,0.00,3.20,-45.41,-44.63,-45.84,-45.04,0.00,0.00,0.00,0.00,-44.96
6,2020,84.0833,0.00,0.00,-3.52,-45.71,-44.92,-39.79,-39.79,55.80,58.70,0.00,0.00,117.30,193.80,712.70,2.45,2.90,-61.90,-29.15,-71.90,-25.02,-73.01,-39.32,-74.86,-42.59,-91.00,-31.56,12.16,0.00,0.00,3.20,-45.41,-44.63,-45.84,-45.04,0.00,0.00,0.00,0.00,-44.96
6,2020,84.0833,0.00,0.00,-3.52,-45.71,-44.92,-39.79,-39.79,55.80,58.70,0.00,0.00,117.30,193.80,712.70,2.45,2.90,-61.90,-29.15,-71.90,-25.02,-73.01,-39.32,-74.86,-42.59,-91.00,-31.56,12.16,0.00,0.00,3.20,-45.41,-44.63,-45.84,-45.04,0.00,0.00,0.00,0.00,-44.96
6,2020,84.0833,0.00,0.00,-3.52,-45.71,-44.92,-39.79,-39.79,55.80,58.70,0.00,0.00,117.30,193.80,712.70,2.45,2.90,-61.90,-29.15,-71.90,-25.02,-73.01,-39.32,-74.86,-42.59,-91.00,-31.56,12.16,0.00,0.00,3.20,-45.41,-44.63,-45.84,-45.04,0.00,0.00,0.00,0.00,-44.96
6,2020,84.1250,0.00,0.00,-7.92,-45.76,-44.70,-39.79,-39.79,55.70,58.70,0.00,0.00,117.00,193.70,712.90,2.45,2.78,-62.10,-29.73,-72.61,-25.40,-73.77,-40.03,-75.58,-43.30,-91.80,-32.24,12.15,0.00,0.00,4.80,-45.66,-44.62,-46.00,-44.87,0.00,0.00,0.00,0.00,-45.66
6,2020,84.1667,0.00,0.00,-21.04,-46.41,-44.94,-39.79,-39.79,55.10,58.40,0.00,0.00,116.80,193.70,713.10,2.45,1.99,-61.57,-30.02,-73.09,-25.84,-74.37,-40.55,-76.15,-43.82,-92.30,-32.75,12.15,0.00,0.00,2.40,-46.00,-44.70,-46.94,-45.28,0.00,0.00,0.00,0.00,-46.17
6,2020,84.2083,0.00,0.00,-14.40,-47.17,-45.46,-39.79,-39.79,54.20,57.70,0.00,0.00,116.70,193.70,713.30,2.29,2.00,-62.64,-30.57,-73.62,-26.25,-74.82,-40.98,-76.65,-44.30,-92.80,-33.20,12.14,0.00,0.00,4.80,-46.92,-45.27,-47.23,-45.58,0.00,0.00,0.00,0.00,-46.64
6,2020,84.2083,0.00,0.00,-14.40,-47.17,-45.46,-39.79,-39.79,54.20,57.70,0.00,0.00,116.70,193.70,713.30,2.29,2.00,-62.64,-30.57,-73.62,-26.25,-74.82,-40.98,-76.65,-44.30,-92.80,-33.20,12.14,0.00,0.00,4.80,-46.92,-45.27,-47.23,-45.58,0.00,0.00,0.00,0.00,-46.64
6,2020,84.2083,0.00,0.00,-14.40,-47.17,-45.46,-39.79,-39.79,54.20,57.70,0.00,0.00,116.70,193.70,713.30,2.29,2.00,-62.64,-30.57,-73.62,-26.25,-74.82,-40.98,-76.65,-44.30,-92.80,-33.20,12.14,0.00,0.00,4.80,-46.92,-45.27,-47.23,-45.58,0.00,0.00,0.00,0.00,-46.64
6,2020,84.2083,0.00,0.00,-14.40,-47.17,-45.46,-39.79,-39.79,54.20,57.70,0.00,0.00,116.70,193.70,713.30,2.29,2.00,-62.64,-30.57,-73.62,-26.25,-74.82,-40.98,-76.65,-44.30,-92.80,-33.20,12.14,0.00,0.00,4.80,-46.92,-45.27,-47.23,-45.58,0.00,0.00,0.00,0.00,-46.64
6,2020,84.2083,0.00,0.00,-14.40,-47.17,-45.46,-39.79,-39.79,54.20,57.70,0.00,0.00,116.70,193.70,713.30,2.29,2.00,-62.64,-30.57,-73.62,-26.25,-74.82,-40.98,-76.65,-44.30,-92.80,-33.20,12.14,0.00,0.00,4.80,-46.92,-45.27,-47.23,-45.58,0.00,0.00,0.00,0.00,-46.64
6,2020,84.2083,0.00,0.00,-14.40,-47.17,-45.46,-39.79,-39.79,54.20,57.70,0.00,0.00,116.70,193.70,713.30,2.29,2.00,-62.64,-30.57,-73.62,-26.25,-74.82,-40.98,-76.65,-44.30,-92.80,-33.20,12.14,0.00,0.00,4.80,-46.92,-45.27,-47.23,-45.58,0.00,0.00,0.00,0.00,-46.64
6,2020,84.2083,0.00,0.00,-14.40,-47.17,-45.46,-39.79,-39.79,54.20,57.70,0.00,0.00,116.70,193.70,713.30,2.29,2.00,-62.64,-30.57,-73.62,-26.25,-74.82,-40.98,-76.65,-44.30,-92.80,-33.20,12.14,0.00,0.00,4.80,-46.92,-45.27,-47.23,-45.58,0.00,0.00,0.00,0.00,-46.64
6,2020,84.2083,0.00,0.00,-14.40,-47.17,-45.46,-39.79,-39.79,54.20,57.70,0.00,0.00,116.70,193.70,713.30,2.29,2.00,-62.64,-30.57,-73.62,-26.25,-74.82,-40.98,-76.65,-44.30,-92.80,-33.20,12.14,0.00,0.00,4.80,-46.92,-45.27,-47.23,-45.58,0.00,0.00,0.00,0.00,-46.64
6,2020,84.2083,0.00,0.00,-14.40,-47.17,-45.46,-39.79,-39.79,54.20,57.70,0.00,0.00,116.70,193.70,713.30,2.29,2.00,-62.64,-30.57,-73.62,-26.25,-74.82,-40.98,-76.65,-44.30,-92.80,-33.20,12.14,0.00,0.00,4.80,-46.92,-45.27,-47.23,-45.58,0.00,0.00,0.00,0.00,-46.64
6,2020,84.2083,0.00,0.00,-14.40,-47.17,-45.46,-39.79,-39.79,54.20,57.70,0.00,0.00,116.70,193.70,713.30,2.29,2.00,-62.64,-30.57,-73.62,-26.25,-74.82,-40.98,-76.65,-44.30,-92.80,-33.20,12.14,0.00,0.00,4.80,-46.92,-45.27,-47.23,-45.58,0.00,0.00,0.00,0.00,-46.64
6,2020,84.2500,0.00,0.00,-21.12,-47.38,-45.90,-39.79,-39.79,53.80,57.30,0.00,0.00,116.60,193.60,713.40,2.46,2.09,-62.51,-30.95,-74.14,-26.76,-75.43,-41.57,-77.19,-44.80,-93.40,-33.71,12.14,0.00,0.00,4.80,-47.21,-45.57,-47.54,-46.33,0.00,0.00,0.00,0.00,-47.17
6,2020,84.2917,0.00,0.00,-1.68,-47.59,-46.56,-39.79,-39.79,53.60,56.40,0.00,0.00,116.70,193.60,713.70,2.47,2.54,-64.63,-31.72,-74.72,-27.17,-75.74,-41.99,-77.72,-45.32,-93.90,-34.20,12.14,0.00,0.00,8.00,-47.43,-46.32,-47.68,-46.67,0.00,0.00,0.00,0.00,-47.65
6,2020,84.3333,0.20,0.40,-5.36,-46.99,-45.95,-39.79,-39.79,54.00,56.40,0.00,0.00,116.70,173.50,713.80,2.48,2.01,-64.42,-31.78,-74.83,-27.13,-75.97,-42.12,-77.83,-45.40,-94.00,-34.27,12.14,2.00,0.00,8.00,-46.56,-45.31,-47.44,-46.52,0.00,0.00,0.00,0.00,-47.77
6,2020,84.3333,0.20,0.40,-5.36,-46.99,-45.95,-39.79,-39.79,54.00,56.40,0.00,0.00,116.70,173.50,713.80,2.48,2.01,-64.42,-31.78,-74.83,-27.13,-75.97,-42.12,-77.83,-45.40,-94.00,-34.27,12.14,2.00,0.00,8.00,-46.56,-45.31,-47.44,-46.52,0.00,0.00,0.00,0.00,-47.77
6,2020,84.3333,0.20,0.40,-5.36,-46.99,-45.95,-39.79,-39.79,54.00,56.40,0.00,0.00,116.70,173.50,713.80,2.48,2.01,-64.42,-31.78,-74.83,-27.13,-75.97,-42.12,-77.83,-45.40,-94.00,-34.27,12.14,2.00,0.00,8.00,-46.56,-45.31,-47.44,-46.52,0.00,0.00,0.00,0.00,-47.77
6,2020,84.3333,0.20,0.40,-5.36,-46.99,-45.95,-39.79,-39.79,54.00,56.40,0.00,0.00,116.70,173.50,713.80,2.48,2.01,-64.42,-31.78,-74.83,-27.13,-75.97,-42.12,-77.83,-45.40,-94.00,-34.27,12.14,2.00,0.00,8.00,-46.56,-45.31,-47.44,-46.52,0.00,0.00,0.00,0.00,-47.77
6,2020,84.3333,0.20,0.40,-5.36,-46.99,-45.95,-39.79,-39.79,54.00,56.40,0.00,0.00,116.70,173.50,713.80,2.48,2.01,-64.42,-31.78,-74.83,-27.13,-75.97,-42.12,-77.83,-45.40,-94.00,-34.27,12.14,2.00,0.00,8.00,-46.56,-45.31,-47.44,-46.52,0.00,0.00,0.00,0.00,-47.77
6,2020,84.3333,0.20,0.40,-5.36,-46.99,-45.95,-39.79,-39.79,54.00,56.40,0.00,0.00,116.70,173.50,713.80,2.48,2.01,-64.42,-31.78,-74.83,-27.13,-75.97,-42.12,-77.83,-45.40,-94.00,-34.27,12.14,2.00,0.00,8.00,-46.56,-45.31,-47.44,-46.52,0.00,0.00,0.00,0.00,-47.77
6,2020,84.3333,0.20,0.40,-5.36,-46.99,-45.95,-39.79,-39.79,54.00,56.40,0.00,0.00,116.70,173.50,713.80,2.48,2.01,-64.42,-31.78,-74.83,-27.13,-75.97,-42.12,-77.83,-45.40,-94.00,-34.27,12.14,2.00,0.00,8.00,-46.56,-45.31,-47.44,-46.52,0.00,0.00,0.00,0.00,-47.77
6,2020,84.3333,0.20,0.40,-5.36,-46.99,-45.95,-39.79,-39.79,54.00,56.40,0.00,0.00,116.70,173.50,713.80,2.48,2.01,-64.42,-31.78,-74.83,-27.13,-75.97,-42.12,-77.83,-45.40,-94.00,-34.27,12.14,2.00,0.00,8.00,-46.56,-45.31,-47.44,-46.52,0.00,0.00,0.00,0.00,-47.77
6,2020,84.3333,0.20,0.40,-5.36,-46.99,-45.95,-39.79,-39.79,54.00,56.40,0.00,0.00,116.70,173.50,713.80,2.48,2.01,-64.42,-31.78,-74.83,-27.13,-75.97,-42.12,-77.83,-45.40,-94.00,-34.27,12.14,2.00,0.00,8.00,-46.56,-45.31,-47.44,-46.52,0.00,0.00,0.00,0.00,-47.77
6,2020,84.3333,0.20,0.40,-5.36,-46.99,-45.95,-39.79,-39.79,54.00,56.40,0.00,0.00,116.70,173.50,713.80,2.48,2.01,-64.42,-31.78,-74.83,-27.13,-75.97,-42.12,-77.83,-45.40,-94.00,-34.27,12.14,2.00,0.00,8.00,-46.56,-45.31,-47.44,-46.52,0.00,0.00,0.00,0.00,-47.77
6,2020,84.3750,10.60,21.20,-9.76,-46.60,-45.22,-39.79,-39.79,54.50,57.30,0.00,0.00,116.50,163.40,713.90,2.32,1.48,-64.22,-31.80,-74.91,-27.18,-76.12,-42.23,-77.95,-45.51,-94.10,-34.38,12.17,36.00,12.00,8.80,-46.48,-45.14,-46.72,-45.32,0.00,0.00,0.00,0.00,-47.85
6,2020,84.4167,55.40,97.60,-27.12,-44.21,-43.23,-39.79,-39.79,56.10,58.10,0.00,0.00,116.40,163.40,713.60,2.47,2.81,-61.87,-30.71,-73.94,-26.53,-75.11,-41.31,-76.98,-44.60,-93.10,-33.51,12.21,74.00,10.00,8.00,-41.41,-40.71,-46.52,-45.16,0.00,0.00,0.00,0.00,-46.96
6,2020,84.4583,88.80,160.20,-53.52,-39.21,-38.57,-39.03,-38.92,60.90,62.10,0.00,0.00,116.40,163.40,712.80,2.48,2.90,-57.10,-27.68,-71.00,-24.20,-72.38,-38.57,-74.12,-41.84,-90.20,-30.85,12.25,100.00,8.00,5.60,-37.15,-36.53,-41.39,-40.67,0.00,0.00,0.00,0.00,-44.20
6,2020,84.4583,88.80,160.20,-53.52,-39.21,-38.57,-39.03,-38.92,60.90,62.10,0.00,0.00,116.40,163.40,712.80,2.48,2.90,-57.10,-27.68,-71.00,-24.20,-72.38,-38.57,-74.12,-41.84,-90.20,-30.85,12.25,100.00,8.00,5.60,-37.15,-36.53,-41.39,-40.67,0.00,0.00,0.00,0.00,-44.20
6,2020,84.4583,88.80,160.20,-53.52,-39.21,-38.57,-39.03,-38.92,60.90,62.10,0.00,0.00,116.40,163.40,712.80,2.48,2.90,-57.10,-27.68,-71.00,-24.20,-72.38,-38.57,-74.12,-41.84,-90.20,-30.85,12.25,100.00,8.00,5.60,-37.15,-36.53,-41.39,-40.67,0.00,0.00,0.00,0.00,-44.20
6,2020,84.4583,88.80,160.20,-53.52,-39.21,-38.57,-39.03,-38.92,60.90,62.10,0.00,0.00,116.40,163.40,712.80,2.48,2.90,-57.10,-27.68,-71.00,-24.20,-72.38,-38.57,-74.12,-41.84,-90.20,-30.85,12.25,100.00,8.00,5.60,-37.15,-36.53,-41.39,-40.67,0.00,0.00,0.00,0.00,-44.20
6,2020,84.4583,88.80,160.20,-53.52,-39.21,-38.57,-39.03,-38.92,60.90,62.10,0.00,0.00,116.40,163.40,712.80,2.48,2.90,-57.10,-27.68,-71.00,-24.20,-72.38,-38.57,-74.12,-41.84,-90.20,-30.85,12.25,100.00,8.00,5.60,-37.15,-36.53,-41.39,-40.67,0.00,0.00,0.00,0.00,-44.20
6,2020,84.4583,88.80,160.20,-53.52,-39.21,-38.57,-39.03,-38.92,60.90,62.10,0.00,0.00,116.40,163.40,712.80,2.48,2.90,-57.10,-27.68,-71.00,-24.20,-72.38,-38.57,-74.12,-41.84,-90.20,-30.85,12.25,100.00,8.00,5.60,-37.15,-36.53,-41.39,-40.67,0.00,0.00,0.00,0.00,-44.20
6,2020,84.4583,88.80,160.20,-53.52,-39.21,-38.57,-39.03,-38.92,60.90,62.10,0.00,0.00,116.40,163.40,712.80,2.48,2.90,-57.10,-27.68,-71.00,-24.20,-72.38,-38.57,-74.12,-41.84,-90.20,-30.85,12.25,100.00,8.00,5.60,-37.15,-36.53,-41.39,-40.67,0.00,0.00,0.00,0.00,-44.20
6,2020,84.4583,88.80,160.20,-53.52,-39.21,-38.57,-39.03,-38.92,60.90,62.10,0.00,0.00,116.40,163.40,712.80,2.48,2.90,-57.10,-27.68,-71.00,-24.20,-72.38,-38.57,-74.12,-41.84,-90.20,-30.85,12.25,100.00,8.00,5.60,-37.15,-36.53,-41.39,-40.67,0.00,0.00,0.00,0.00,-44.20
6,2020,84.4583,88.80,160.20,-53.52,-39.21,-38.57,-39.03,-38.92,60.90,62.10,0.00,0.00,116.40,163.40,712.80,2.48,2.90,-57.10,-27.68,-71.00,-24.20,-72.38,-38.57,-74.12,-41.84,-90.20,-30.85,12.25,100.00,8.00,5.60,-37.15,-36.53,-41.39,-40.67,0.00,0.00,0.00,0.00,-44.20
6,2020,84.4583,88.80,160.20,-53.52,-39.21,-38.57,-39.03,-38.92,60.90,62.10,0.00,0.00,116.40,163.40,712.80,2.48,2.90,-57.10,-27.68,-71.00,-24.20,-72.38,-38.57,-74.12,-41.84,-90.20,-30.85,12.25,100.00,8.00,5.60,-37.15,-36.53,-41.39,-40.67,0.00,0.00,0.00,0.00,-44.20
6,2020,84.5000,104.80,233.60,-52.72,-35.35,-35.00,-35.23,-35.62,65.10,66.10,0.00,0.00,116.40,163.40,712.40,2.47,2.88,-54.28,-24.83,-67.84,-21.78,-69.38,-35.64,-70.88,-38.79,-87.00,-27.89,12.28,108.00,2.00,9.60,-33.91,-33.61,-37.15,-36.55,0.00,0.00,0.00,0.00,-41.18
6,2020,84.5417,125.00,301.60,-17.52,-33.51,-33.00,-32.90,-33.35,68.00,69.30,0.00,0.00,116.40,163.40,712.40,2.47,2.44,-55.03,-23.45,-65.89,-20.30,-67.32,-33.62,-68.80,-36.82,-84.80,-25.94,12.32,146.00,12.00,11.20,-33.27,-32.80,-33.91,-33.59,0.00,0.00,0.00,0.00,-39.19
6,2020,84.5833,166.80,351.20,6.80,-33.46,-33.17,-32.71,-33.37,68.80,70.30,0.00,0.00,116.50,163.40,712.60,2.47,1.83,-56.58,-23.49,-65.62,-20.11,-66.97,-33.30,-68.41,-36.45,-84.50,-25.62,12.36,186.00,12.00,8.80,-33.17,-32.79,-34.03,-34.02,0.00,0.00,0.00,0.00,-38.85
6,2020,84.6250,199.40,373.60,42.16,-34.82,-35.57,-34.20,-35.68,68.00,69.20,0.00,0.00,116.50,166.20,712.80,2.47,2.56,-59.61,-24.15,-65.90,-20.21,-66.95,-33.43,-68.55,-36.63,-84.70,-25.75,12.38,206.00,6.00,11.20,-34.02,-34.06,-35.65,-37.16,0.00,0.00,0.00,0.00,-38.99
6,2020,84.6667,176.00,369.80,54.64,-36.31,-38.23,-35.83,-38.01,66.50,66.90,0.00,0.00,116.50,170.60,712.90,2.46,2.85,-60.60,-24.32,-65.94,-20.25,-66.85,-33.42,-68.49,-36.61,-84.60,-25.73,12.40,206.00,28.00,7.20,-35.65,-37.18,-36.80,-38.90,0.00,0.00,0.00,0.00,-38.97
6,2020,84.7083,103.80,343.40,40.64,-37.15,-39.04,-36.87,-38.70,65.50,66.50,0.00,0.00,116.50,186.90,713.00,2.46,2.44,-59.43,-24.05,-65.81,-20.14,-66.83,-33.28,-68.48,-36.53,-84.50,-25.69,12.41,120.00,8.00,10.40,-36.79,-38.89,-37.53,-39.13,0.00,0.00,0.00,0.00,-38.90
6,2020,84.7083,103.80,343.40,40.64,-37.15,-39.04,-36.87,-38.70,65.50,66.50,0.00,0.00,116.50,186.90,713.00,2.46,2.44,-59.43,-24.05,-65.81,-20.14,-66.83,-33.28,-68.48,-36.53,-84.50,-25.69,12.41,120.00,8.00,10.40,-36.79,-38.89,-37.53,-39.13,0.00,0.00,0.00,0.00,-38.90
6,2020,84.7500,60.00,295.80,23.04,-38.36,-39.47,-38.31,-39.23,64.00,66.40,0.00,0.00,116.60,196.10,713.20,2.46,2.57,-57.83,-23.61,-65.55,-19.85,-66.73,-33.13,-68.35,-36.32,-84.40,-25.50,12.42,82.00,10.00,4.80,-37.54,-39.05,-39.29,-40.01,0.00,0.00,0.00,0.00,-38.73
6,2020,84.7917,44.80,230.80,12.32,-40.20,-40.63,-39.68,-39.76,61.90,65.70,0.00,0.00,116.60,188.30,713.60,2.47,2.86,-57.01,-23.49,-65.55,-19.93,-66.62,-33.13,-68.31,-36.36,-84.40,-25.55,12.41,48.00,4.00,5.60,-39.31,-40.02,-41.10,-41.32,0.00,0.00,0.00,0.00,-38.76
6,2020,84.8333,34.40,152.20,-3.12,-42.14,-42.58,-39.79,-39.79,59.80,63.20,0.00,0.00,116.70,192.50,714.00,2.47,2.54,-56.39,-23.89,-66.18,-20.38,-67.53,-33.81,-69.06,-37.05,-85.10,-26.22,12.39,38.00,2.00,4.00,-41.10,-41.32,-43.39,-44.05,0.00,0.00,0.00,0.00,-39.44
6,2020,84.8333,34.40,152.20,-3.12,-42.14,-42.58,-39.79,-39.79,59.80,63.20,0.00,0.00,116.70,192.50,714.00,2.47,2.54,-56.39,-23.89,-66.18,-20.38,-67.53,-33.81,-69.06,-37.05,-85.10,-26.22,12.39,38.00,2.00,4.00,-41.10,-41.32,-43.39,-44.05,0.00,0.00,0.00,0.00,-39.44
6,2020,84.8750,23.60,76.60,-2.80,-44.81,-45.37,-39.79,-39.79,56.90,59.40,0.00,0.00,116.70,192.10,714.60,2.48,2.55,-58.13,-25.57,-67.99,-21.85,-69.13,-35.52,-70.87,-38.77,-87.00,-27.90,12.34,34.00,6.00,3.20,-43.40,-44.05,-46.13,-46.55,0.00,0.00,0.00,0.00,-41.17
6,2020,84.9167,3.40,8.60,-0.40,-47.59,-47.92,-39.79,-39.79,54.10,56.10,0.00,0.00,116.70,193.50,715.40,2.49,2.38,-60.84,-28.08,-70.71,-24.03,-71.81,-38.15,-73.67,-41.43,-89.70,-30.46,12.29,12.00,4.00,3.20,-46.15,-46.58,-49.11,-49.16,0.00,0.00,0.00,0.00,-43.79
6,2020,84.9583,0.00,0.00,0.64,-50.38,-50.02,-39.79,-39.79,51.30,53.50,0.00,0.00,116.70,194.20,716.00,2.49,2.08,-63.92,-30.91,-73.81,-26.41,-74.79,-41.12,-76.78,-44.42,-92.90,-33.37,12.26,0.00,0.00,2.40,-49.11,-49.16,-51.48,-50.75,0.00,0.00,0.00,0.00,-46.78
6,2020,84.9583,0.00,0.00,0.64,-50.38,-50.02,-39.79,-39.79,51.30,53.50,0.00,0.00,116.70,194.20,716.00,2.49,2.08,-63.92,-30.91,-73.81,-26.41,-74.79,-41.12,-76.78,-44.42,-92.90,-33.37,12.26,0.00,0.00,2.40,-49.11,-49.16,-51.48,-50.75,0.00,0.00,0.00,0.00,-46.78
6,2020,85.0000,0.00,0.00,0.56,-52.12,-51.18,-39.79,-39.79,49.50,52.20,0.00,0.00,116.70,195.70,716.70,2.50,2.20,-66.51,-33.38,-76.52,-28.52,-77.52,-43.70,-79.47,-47.01,-95.70,-35.82,12.25,0.00,0.00,2.40,-51.45,-50.73,-52.57,-51.51,0.00,0.00,0.00,0.00,-49.37
6,2020,85.0417,0.00,0.00,-1.20,-52.84,-51.80,-39.79,-39.79,48.60,51.50,0.00,0.00,116.70,200.50,717.20,2.50,2.20,-68.13,-35.03,-78.37,-29.78,-79.26,-45.44,-81.40,-48.78,-97.50,-37.52,12.23,0.00,0.00,3.20,-52.57,-51.50,-53.09,-52.05,0.00,0.00,0.00,0.00,-51.16
6,2020,85.0833,0.00,0.00,-0.48,-53.27,-52.24,-39.79,-39.79,48.20,51.00,0.00,0.00,116.70,197.90,717.60,2.50,2.38,-69.32,-36.16,-79.58,-30.86,-80.40,-46.55,-82.60,-49.98,-98.80,-38.66,12.22,0.00,0.00,4.80,-53.07,-52.03,-53.44,-52.44,0.00,0.00,0.00,0.00,-52.35
6,2020,85.0833,0.00,0.00,-0.48,-53.27,-52.24,-39.79,-39.79,48.20,51.00,0.00,0.00,116.70,197.90,717.60,2.50,2.38,-69.32,-36.16,-79.58,-30.86,-80.40,-46.55,-82.60,-49.98,-98.80,-38.66,12.22,0.00,0.00,4.80,-53.07,-52.03,-53.44,-52.44,0.00,0.00,0.00,0.00,-52.35
6,2020,85.1250,0.00,0.00,-0.48,-53.40,-52.37,-39.79,-39.79,48.10,50.80,0.00,0.00,116.80,181.70,717.90,2.50,2.47,-70.00,-36.82,-80.30,-31.35,-81.10,-47.26,-83.30,-50.64,-99.50,-39.30,12.21,0.00,0.00,4.80,-53.36,-52.30,-53.44,-52.43,0.00,0.00,0.00,0.00,-53.01
6,2020,85.1667,0.00,0.00,-0.40,-53.35,-52.33,-39.79,-39.79,48.10,50.80,0.00,0.00,116.70,175.00,718.10,2.50,2.47,-70.26,-37.06,-80.50,-31.56,-81.50,-47.51,-83.50,-50.89,-99.80,-39.53,12.19,0.00,0.00,4.00,-53.30,-52.25,-53.41,-52.42,0.00,0.00,0.00,0.00,-53.27
6,2020,85.2083,0.00,0.00,-1.12,-53.30,-52.30,-39.79,-39.79,48.10,50.70,0.00,0.00,116.80,182.10,718.20,2.49,1.93,-70.23,-37.17,-80.70,-31.74,-81.70,-47.63,-83.70,-51.00,-99.90,-39.64,12.19,0.00,0.00,3.20,-53.15,-52.10,-53.41,-52.45,0.00,0.00,0.00,0.00,-53.38
6,2020,85.2500,0.20,0.00,-2.48,-52.99,-52.05,-39.79,-39.79,48.30,51.00,0.00,0.00,116.80,195.60,718.30,2.50,1.57,-70.20,-37.10,-80.60,-31.52,-81.50,-47.57,-83.60,-50.92,-99.90,-39.58,12.18,0.00,0.00,3.20,-52.79,-51.92,-53.15,-52.11,0.00,0.00,0.00,0.00,-53.31
6,2020,85.2917,0.00,0.00,-2.16,-52.71,-51.90,-39.79,-39.79,48.60,51.10,0.00,0.00,142.00,198.40,718.40,2.49,2.20,-69.94,-36.89,-80.40,-31.39,-81.30,-47.37,-83.50,-50.73,-99.70,-39.41,12.18,0.00,0.00,6.40,-52.61,-51.80,-52.81,-51.99,0.00,0.00,0.00,0.00,-53.14
6,2020,85.3333,0.40,0.80,-2.00,-52.61,-51.75,-39.79,-39.79,48.70,51.30,0.00,0.00,140.60,182.50,718.50,2.49,2.11,-69.87,-36.80,-80.30,-31.40,-81.20,-47.29,-83.30,-50.68,-99.50,-39.31,12.18,2.00,0.00,5.60,-52.55,-51.69,-52.67,-51.81,0.00,0.00,0.00,0.00,-53.03
6,2020,85.3333,0.40,0.80,-2.00,-52.61,-51.75,-39.79,-39.79,48.70,51.30,0.00,0.00,140.60,182.50,718.50,2.49,2.11,-69.87,-36.80,-80.30,-31.40,-81.20,-47.29,-83.30,-50.68,-99.50,-39.31,12.18,2.00,0.00,5.60,-52.55,-51.69,-52.67,-51.81,0.00,0.00,0.00,0.00,-53.03
6,2020,85.3750,10.40,22.60,-6.08,-52.66,-51.82,-39.79,-39.79,48.60,51.10,0.00,0.00,147.40,186.30,718.60,2.49,1.93,-69.63,-36.71,-80.30,-31.54,-81.20,-47.22,-83.30,-50.63,-99.50,-39.29,12.19,30.00,8.00,4.00,-52.42,-51.67,-52.74,-51.88,0.00,0.00,0.00,0.00,-52.99
6,2020,85.4167,51.20,98.60,-23.04,-51.44,-51.11,-39.79,-39.79,49.40,51.60,0.00,0.00,163.00,204.80,718.40,2.48,2.81,-67.44,-35.81,-79.48,-30.78,-80.40,-46.54,-82.60,-49.91,-98.80,-38.64,12.24,74.00,16.00,7.20,-50.20,-50.25,-52.40,-51.66,0.00,0.00,0.00,0.00,-52.31
6,2020,85.4583,84.20,162.20,-46.64,-48.70,-49.00,-39.79,-39.79,51.90,53.60,0.00,0.00,174.70,216.80,717.60,2.47,2.90,-63.36,-33.34,-77.13,-29.05,-78.24,-44.40,-80.20,-47.75,-96.50,-36.52,12.27,96.00,6.00,9.60,-47.14,-47.78,-50.21,-50.25,0.00,0.00,0.00,0.00,-50.11
6,2020,85.4583,84.20,162.20,-46.64,-48.70,-49.00,-39.79,-39.79,51.90,53.60,0.00,0.00,174.70,216.80,717.60,2.47,2.90,-63.36,-33.34,-77.13,-29.05,-78.24,-44.40,-80.20,-47.75,-96.50,-36.52,12.27,96.00,6.00,9.60,-47.14,-47.78,-50.21,-50.25,0.00,0.00,0.00,0.00,-50.11
6,2020,85.5000,99.60,231.80,-72.16,-45.80,-47.07,-39.79,-39.79,54.80,54.50,0.00,0.00,163.90,206.80,717.20,2.47,3.07,-59.00,-30.54,-74.32,-26.90,-75.54,-41.81,-77.53,-45.10,-93.70,-33.99,12.31,106.00,4.00,4.80,-44.78,-46.47,-47.13,-47.77,0.00,0.00,0.00,0.00,-47.49
6,2020,85.5417,117.60,292.60,-58.40,-43.79,-45.47,-39.79,-39.79,56.90,56.10,0.00,0.00,154.90,199.90,717.20,2.46,3.07,-58.06,-28.85,-72.32,-25.40,-73.68,-39.85,-75.45,-43.10,-91.60,-32.09,12.34,142.00,12.00,12.00,-42.65,-44.26,-44.78,-46.46,0.00,0.00,0.00,0.00,-45.51
6,2020,85.5833,152.80,332.80,-20.56,-41.40,-43.12,-39.79,-39.79,59.40,58.60,0.00,0.00,154.90,194.50,717.10,2.46,3.06,-59.44,-27.94,-70.83,-24.19,-71.94,-38.32,-73.81,-41.60,-89.90,-30.59,12.37,162.00,6.00,11.20,-40.42,-42.28,-42.64,-44.26,0.00,0.00,0.00,0.00,-43.97
6,2020,85.5833,152.80,332.80,-20.56,-41.40,-43.12,-39.79,-39.79,59.40,58.60,0.00,0.00,154.90,194.50,717.10,2.46,3.06,-59.44,-27.94,-70.83,-24.19,-71.94,-38.32,-73.81,-41.60,-89.90,-30.59,12.37,162.00,6.00,11.20,-40.42,-42.28,-42.64,-44.26,0.00,0.00,0.00,0.00,-43.97
6,2020,85.6250,164.80,332.20,-23.44,-40.19,-42.13,-39.77,-39.79,60.90,60.10,0.00,0.00,168.90,207.90,716.90,2.44,1.12,-57.83,-26.53,-69.34,-23.01,-70.25,-36.87,-72.19,-40.12,-88.40,-29.16,12.40,188.00,12.00,8.00,-40.02,-41.68,-40.46,-42.31,0.00,0.00,0.00,0.00,-42.50
6,2020,85.6667,162.40,363.60,-6.00,-39.54,-41.04,-39.45,-39.77,61.60,61.50,0.00,0.00,156.10,202.00,716.80,2.44,3.04,-57.86,-25.41,-67.84,-21.84,-69.13,-35.45,-70.70,-38.64,-86.80,-27.75,12.42,190.00,14.00,11.20,-38.99,-40.19,-40.03,-41.68,0.00,0.00,0.00,0.00,-41.05
6,2020,85.7083,110.00,341.20,9.28,-38.72,-39.83,-38.71,-39.51,62.70,63.20,0.00,0.00,166.50,209.30,716.60,2.44,1.92,-57.60,-24.31,-66.48,-20.74,-67.59,-34.01,-69.21,-37.26,-85.30,-26.40,12.43,134.00,14.00,5.60,-38.55,-39.67,-39.01,-40.17,0.00,0.00,0.00,0.00,-39.66
6,2020,85.7083,110.00,341.20,9.28,-38.72,-39.83,-38.71,-39.51,62.70,63.20,0.00,0.00,166.50,209.30,716.60,2.44,1.92,-57.60,-24.31,-66.48,-20.74,-67.59,-34.01,-69.21,-37.26,-85.30,-26.40,12.43,134.00,14.00,5.60,-38.55,-39.67,-39.01,-40.17,0.00,0.00,0.00,0.00,-39.66
6,2020,85.7500,71.00,263.80,12.96,-38.78,-39.88,-38.97,-39.61,62.70,63.60,0.00,0.00,159.80,200.40,716.70,2.44,0.00,-56.94,-23.41,-65.46,-19.83,-66.72,-33.04,-68.26,-36.26,-84.30,-25.45,12.42,86.00,10.00,8.00,-38.55,-39.71,-39.22,-40.25,0.00,0.00,0.00,0.00,-38.68
6,2020,85.7917,62.40,187.60,-3.04,-40.10,-41.11,-39.74,-39.79,61.30,62.30,0.00,0.00,165.90,208.50,716.90,2.44,0.51,-55.64,-23.14,-65.35,-19.79,-66.46,-33.00,-68.15,-36.20,-84.30,-25.38,12.42,80.00,4.00,8.00,-39.23,-40.25,-40.98,-41.83,0.00,0.00,0.00,0.00,-38.63
6,2020,85.8333,40.80,99.40,-3.76,-41.49,-42.04,-39.79,-39.79,59.80,61.20,0.00,0.00,172.90,217.40,717.30,2.44,0.00,-56.34,-23.83,-66.11,-20.39,-67.46,-33.78,-68.94,-37.01,-85.00,-26.12,12.38,54.00,8.00,4.00,-40.99,-41.79,-41.97,-42.38,0.00,0.00,0.00,0.00,-39.38
6,2020,85.8750,15.80,33.20,-5.20,-42.73,-43.19,-39.79,-39.79,58.60,59.70,0.00,0.00,163.70,208.00,717.80,2.45,0.79,-57.55,-25.09,-67.49,-21.56,-68.78,-35.08,-70.35,-38.34,-86.40,-27.45,12.33,24.00,6.00,3.20,-41.96,-42.37,-43.60,-44.06,0.00,0.00,0.00,0.00,-40.71
6,2020,85.9167,2.80,5.60,0.64,-44.27,-44.45,-39.79,-39.79,57.00,58.50,0.00,0.00,162.20,204.50,718.20,2.45,0.37,-59.56,-26.73,-69.22,-22.87,-70.49,-36.78,-72.05,-39.99,-88.20,-29.04,12.30,8.00,2.00,4.00,-43.61,-44.05,-44.85,-44.91,0.00,0.00,0.00,0.00,-42.34
6,2020,85.9583,0.00,0.00,0.40,-45.51,-45.45,-39.79,-39.79,55.80,57.60,0.00,0.00,147.80,196.30,718.60,2.46,0.59,-61.10,-28.26,-70.87,-24.07,-72.01,-38.32,-73.82,-41.58,-89.90,-30.58,12.27,0.00,0.00,3.20,-44.85,-44.91,-46.16,-45.97,0.00,0.00,0.00,0.00,-43.94
6,2020,85.9583,0.00,0.00,0.40,-45.51,-45.45,-39.79,-39.79,55.80,57.60,0.00,0.00,147.80,196.30,718.60,2.46,0.59,-61.10,-28.26,-70.87,-24.07,-72.01,-38.32,-73.82,-41.58,-89.90,-30.58,12.27,0.00,0.00,3.20,-44.85,-44.91,-46.16,-45.97,0.00,0.00,0.00,0.00,-43.94
6,2020,86.0000,0.00,0.00,-3.76,-46.94,-46.66,-39.79,-39.79,54.40,56.50,0.00,0.00,140.30,184.50,719.00,2.47,0.50,-62.31,-29.64,-72.47,-25.26,-73.59,-39.83,-75.40,-43.11,-91.60,-32.05,12.25,0.00,0.00,7.20,-46.15,-45.95,-47.71,-47.38,0.00,0.00,0.00,0.00,-45.49
6,2020,86.0417,0.00,0.00,-3.12,-47.95,-47.37,-39.79,-39.79,53.20,55.60,0.00,0.00,135.20,184.40,719.40,2.47,0.41,-63.58,-30.79,-73.69,-26.43,-74.80,-41.02,-76.64,-44.33,-92.80,-33.23,12.24,0.00,0.00,10.40,-47.69,-47.23,-48.04,-47.51,0.00,0.00,0.00,0.00,-46.68
6,2020,86.0833,0.00,0.00,-2.72,-48.19,-47.41,-39.79,-39.79,53.00,55.50,0.00,0.00,129.30,173.20,719.70,2.47,0.41,-64.29,-31.50,-74.47,-26.94,-75.67,-41.78,-77.43,-45.02,-93.60,-33.94,12.23,0.00,0.00,8.00,-48.03,-47.29,-48.35,-47.49,0.00,0.00,0.00,0.00,-47.43
6,2020,86.1250,0.00,0.00,-0.88,-48.38,-47.33,-39.79,-39.79,52.70,55.60,0.00,0.00,142.80,198.70,719.80,2.47,0.41,-64.91,-31.99,-75.01,-27.25,-76.20,-42.30,-78.02,-45.54,-94.10,-34.43,12.22,0.00,0.00,8.80,-48.18,-46.77,-48.48,-47.60,0.00,0.00,0.00,0.00,-47.94
6,2020,86.1667,0.00,0.00,-2.56,-48.03,-46.73,-39.79,-39.79,53.00,56.20,0.00,0.00,138.70,193.80,719.80,2.46,0.41,-65.03,-32.12,-75.17,-27.50,-76.16,-42.42,-78.14,-45.71,-94.30,-34.59,12.21,0.00,0.00,8.80,-47.81,-46.56,-48.19,-46.82,0.00,0.00,0.00,0.00,-48.10
6,2020,86.2083,0.00,0.00,4.24,-47.55,-46.24,-39.79,-39.79,53.50,56.70,0.00,0.00,129.60,179.20,719.90,2.47,0.50,-65.42,-32.13,-75.10,-27.37,-76.20,-42.33,-78.06,-45.61,-94.20,-34.48,12.20,0.00,0.00,8.80,-47.43,-46.07,-47.83,-46.58,0.00,0.00,0.00,0.00,-48.01
6,2020,86.2083,0.00,0.00,4.24,-47.55,-46.24,-39.79,-39.79,53.50,56.70,0.00,0.00,129.60,179.20,719.90,2.47,0.50,-65.42,-32.13,-75.10,-27.37,-76.20,-42.33,-78.06,-45.61,-94.20,-34.48,12.20,0.00,0.00,8.80,-47.43,-46.07,-47.83,-46.58,0.00,0.00,0.00,0.00,-48.01
6,2020,86.2500,0.00,0.00,-6.80,-47.92,-46.79,-39.79,-39.79,53.20,56.10,0.00,0.00,129.90,180.50,720.10,2.47,0.41,-64.57,-32.05,-75.16,-27.31,-76.36,-42.45,-78.18,-45.70,-94.30,-34.58,12.18,0.00,0.00,8.00,-47.57,-46.38,-48.19,-47.01,0.00,0.00,0.00,0.00,-48.10
6,2020,86.2917,0.00,0.00,-5.68,-48.01,-46.41,-39.79,-39.79,53.00,56.30,0.00,0.00,124.30,175.20,720.40,2.47,0.41,-64.77,-32.13,-75.21,-27.50,-76.29,-42.47,-78.19,-45.75,-94.40,-34.64,12.18,0.00,0.00,8.00,-47.74,-45.83,-48.21,-46.93,0.00,0.00,0.00,0.00,-48.15
6,2020,86.3333,0.40,0.80,-2.48,-47.27,-45.20,-39.79,-39.79,53.50,57.40,0.00,0.00,117.30,160.50,720.20,2.46,0.32,-64.75,-31.88,-74.91,-27.22,-76.01,-42.18,-77.89,-45.44,-94.00,-34.33,12.18,2.00,0.00,7.20,-46.85,-44.63,-47.75,-45.84,0.00,0.00,0.00,0.00,-47.84
6,2020,86.3333,0.40,0.80,-2.48,-47.27,-45.20,-39.79,-39.79,53.50,57.40,0.00,0.00,117.30,160.50,720.20,2.46,0.32,-64.75,-31.88,-74.91,-27.22,-76.01,-42.18,-77.89,-45.44,-94.00,-34.33,12.18,2.00,0.00,7.20,-46.85,-44.63,-47.75,-45.84,0.00,0.00,0.00,0.00,-47.84
6,2020,86.3750,6.80,14.00,-7.92,-46.62,-44.41,-39.79,-39.79,54.20,58.40,0.00,0.00,110.70,155.90,720.50,2.46,0.32,-63.97,-31.47,-74.52,-26.94,-75.60,-41.81,-77.46,-45.10,-93.70,-33.99,12.18,14.00,4.00,8.00,-46.31,-44.22,-46.87,-44.64,0.00,0.00,0.00,0.00,-47.50
6,2020,86.4167,32.80,66.60,-29.76,-45.50,-43.78,-39.79,-39.79,55.10,58.50,0.00,0.00,107.50,160.40,720.50,2.45,0.25,-61.42,-30.41,-73.68,-26.28,-74.79,-41.07,-76.71,-44.35,-92.80,-33.27,12.23,48.00,10.00,5.60,-44.40,-43.04,-46.33,-44.22,0.00,0.00,0.00,0.00,-46.75
6,2020,86.4583,60.40,123.80,-43.04,-42.97,-41.85,-39.79,-39.79,57.40,59.60,0.00,0.00,107.30,142.00,720.30,2.46,0.20,-58.78,-28.70,-71.93,-25.13,-73.27,-39.50,-75.00,-42.73,-91.10,-31.71,12.26,76.00,8.00,9.60,-41.52,-40.60,-44.38,-43.05,0.00,0.00,0.00,0.00,-45.13
6,2020,86.4583,60.40,123.80,-43.04,-42.97,-41.85,-39.79,-39.79,57.40,59.60,0.00,0.00,107.30,142.00,720.30,2.46,0.20,-58.78,-28.70,-71.93,-25.13,-73.27,-39.50,-75.00,-42.73,-91.10,-31.71,12.26,76.00,8.00,9.60,-41.52,-40.60,-44.38,-43.05,0.00,0.00,0.00,0.00,-45.13
6,2020,86.5000,79.40,180.60,-68.72,-40.06,-39.32,-39.58,-39.06,60.20,61.50,0.00,0.00,106.50,123.00,720.00,2.29,0.03,-54.85,-26.35,-69.72,-23.42,-71.09,-37.36,-72.86,-40.62,-88.90,-29.67,12.29,92.00,6.00,11.20,-38.75,-38.21,-41.50,-40.61,0.00,0.00,0.00,0.00,-43.04
6,2020,86.5417,107.80,257.00,-76.32,-37.61,-37.17,-37.50,-37.01,62.80,63.60,0.00,0.00,92.30,123.00,720.00,2.46,0.14,-52.30,-24.30,-67.55,-21.66,-69.05,-35.35,-70.68,-38.55,-86.70,-27.68,12.33,122.00,8.00,12.80,-36.61,-36.31,-38.75,-38.21,0.00,0.00,0.00,0.00,-40.98
6,2020,86.5833,142.60,323.40,-85.76,-36.18,-36.45,-35.39,-36.02,64.60,65.60,0.00,0.00,78.10,122.90,720.20,2.46,0.00,-50.56,-23.13,-66.39,-20.84,-67.99,-34.28,-69.49,-37.47,-85.60,-26.59,12.37,164.00,12.00,7.20,-35.88,-36.25,-36.60,-36.87,0.00,0.00,0.00,0.00,-39.89
6,2020,86.5833,142.60,323.40,-85.76,-36.18,-36.45,-35.39,-36.02,64.60,65.60,0.00,0.00,78.10,122.90,720.20,2.46,0.00,-50.56,-23.13,-66.39,-20.84,-67.99,-34.28,-69.49,-37.47,-85.60,-26.59,12.37,164.00,12.00,7.20,-35.88,-36.25,-36.60,-36.87,0.00,0.00,0.00,0.00,-39.89
6,2020,86.6250,165.80,359.60,-74.16,-37.01,-37.24,-34.86,-36.47,63.90,65.20,0.00,0.00,92.30,117.20,720.40,2.46,0.00,-50.49,-22.37,-65.39,-20.00,-66.89,-33.32,-68.47,-36.55,-84.50,-25.65,12.40,170.00,2.00,24.80,-36.39,-36.85,-37.37,-37.71,0.00,0.00,0.00,0.00,-38.91
6,2020,86.6667,143.00,344.00,-43.12,-37.30,-39.12,-35.15,-38.22,64.30,64.30,0.00,0.00,62.80,56.00,720.80,2.45,0.00,-52.14,-22.22,-64.86,-19.57,-66.14,-32.69,-67.83,-35.86,-83.90,-25.03,12.42,164.00,14.00,6.40,-36.54,-37.70,-39.23,-40.56,0.00,0.00,0.00,0.00,-38.30
6,2020,86.7083,103.20,317.80,-34.96,-40.59,-41.06,-38.54,-39.71,60.70,62.50,0.00,0.00,43.20,56.00,721.10,2.45,0.00,-52.71,-22.24,-64.84,-19.46,-66.13,-32.58,-67.73,-35.86,-83.80,-24.99,12.42,118.00,10.00,8.80,-39.27,-40.56,-41.13,-41.19,0.00,0.00,0.00,0.00,-38.23
6,2020,86.7083,103.20,317.80,-34.96,-40.59,-41.06,-38.54,-39.71,60.70,62.50,0.00,0.00,43.20,56.00,721.10,2.45,0.00,-52.71,-22.24,-64.84,-19.46,-66.13,-32.58,-67.73,-35.86,-83.80,-24.99,12.42,118.00,10.00,8.80,-39.27,-40.56,-41.13,-41.19,0.00,0.00,0.00,0.00,-38.23
6,2020,86.7500,80.00,249.20,-36.24,-42.02,-41.71,-39.73,-39.79,59.10,62.20,0.00,0.00,54.10,56.00,721.60,2.45,0.00,-52.83,-22.43,-65.01,-19.65,-66.29,-32.81,-67.95,-36.01,-84.00,-25.19,12.43,88.00,6.00,4.80,-41.13,-41.20,-42.43,-41.93,0.00,0.00,0.00,0.00,-38.43
6,2020,86.7917,64.80,202.40,-19.60,-42.28,-42.12,-39.79,-39.79,59.00,62.00,0.00,0.00,38.90,56.00,722.40,2.46,0.00,-54.82,-23.27,-65.68,-20.10,-66.87,-33.41,-68.52,-36.61,-84.60,-25.77,12.42,76.00,6.00,4.80,-42.05,-41.88,-42.45,-42.65,0.00,0.00,0.00,0.00,-39.02
6,2020,86.8333,38.00,117.40,-11.60,-43.40,-43.71,-39.79,-39.79,58.00,60.40,0.00,0.00,53.80,56.00,723.30,2.47,0.00,-56.70,-24.62,-67.04,-21.10,-68.21,-34.67,-69.93,-37.93,-86.00,-27.04,12.38,58.00,10.00,2.40,-42.09,-42.64,-45.00,-44.74,0.00,0.00,0.00,0.00,-40.31
6,2020,86.8333,38.00,117.40,-11.60,-43.40,-43.71,-39.79,-39.79,58.00,60.40,0.00,0.00,53.80,56.00,723.30,2.47,0.00,-56.70,-24.62,-67.04,-21.10,-68.21,-34.67,-69.93,-37.93,-86.00,-27.04,12.38,58.00,10.00,2.40,-42.09,-42.64,-45.00,-44.74,0.00,0.00,0.00,0.00,-40.31
6,2020,86.8750,15.40,40.20,-9.68,-46.00,-45.82,-39.79,-39.79,55.50,58.20,0.00,0.00,66.20,56.00,724.40,2.48,0.00,-58.75,-26.50,-69.10,-22.83,-70.22,-36.61,-71.96,-39.86,-88.10,-28.95,12.34,24.00,4.00,2.40,-45.01,-44.74,-47.11,-47.08,0.00,0.00,0.00,0.00,-42.28
6,2020,86.9167,3.40,7.40,-5.28,-48.33,-48.21,-39.79,-39.79,53.30,55.40,0.00,0.00,66.20,56.00,725.40,2.48,0.00,-61.65,-29.05,-71.82,-25.04,-72.85,-39.20,-74.79,-42.46,-90.90,-31.50,12.30,8.00,2.00,2.40,-47.11,-47.07,-49.49,-49.11,0.00,0.00,0.00,0.00,-44.91
6,2020,86.9583,0.00,0.20,-2.88,-50.10,-49.52,-39.79,-39.79,51.30,53.70,0.00,0.00,65.90,56.00,726.40,2.49,0.00,-64.09,-31.26,-74.20,-26.77,-75.19,-41.48,-77.18,-44.79,-93.30,-33.69,12.28,0.00,0.00,2.40,-49.49,-49.11,-50.75,-49.90,0.00,0.00,0.00,0.00,-47.19
6,2020,86.9583,0.00,0.20,-2.88,-50.10,-49.52,-39.79,-39.79,51.30,53.70,0.00,0.00,65.90,56.00,726.40,2.49,0.00,-64.09,-31.26,-74.20,-26.77,-75.19,-41.48,-77.18,-44.79,-93.30,-33.69,12.28,0.00,0.00,2.40,-49.49,-49.11,-50.75,-49.90,0.00,0.00,0.00,0.00,-47.19
6,2020,86.9583,0.00,0.20,-2.88,-50.10,-49.52,-39.79,-39.79,51.30,53.70,0.00,0.00,65.90,56.00,726.40,2.49,0.00,-64.09,-31.26,-74.20,-26.77,-75.19,-41.48,-77.18,-44.79,-93.30,-33.69,12.28,0.00,0.00,2.40,-49.49,-49.11,-50.75,-49.90,0.00,0.00,0.00,0.00,-47.19
6,2020,87.0000,0.00,0.00,0.32,-51.24,-50.25,-39.79,-39.79,50.10,52.90,0.00,0.00,45.90,56.00,727.30,2.49,0.00,-66.13,-32.97,-76.05,-28.09,-77.08,-43.26,-79.01,-46.55,-95.20,-35.39,12.26,0.00,0.00,4.00,-50.74,-49.89,-51.74,-50.81,0.00,0.00,0.00,0.00,-48.96
6,2020,87.0417,0.00,0.00,-6.48,-52.19,-51.23,-39.79,-39.79,49.10,51.80,0.00,0.00,61.00,56.00,728.10,2.49,0.00,-66.89,-34.18,-77.47,-29.20,-78.43,-44.61,-80.50,-47.96,-96.70,-36.74,12.25,0.00,0.00,2.40,-51.74,-50.82,-52.56,-51.40,0.00,0.00,0.00,0.00,-50.35
6,2020,87.0833,0.00,0.00,-7.76,-52.61,-51.00,-39.79,-39.79,48.50,51.80,0.00,0.00,74.10,56.00,728.80,2.49,0.00,-67.74,-35.06,-78.44,-29.99,-79.36,-45.54,-81.50,-48.88,-97.70,-37.63,12.24,0.00,0.00,2.40,-52.45,-50.73,-52.73,-51.31,0.00,0.00,0.00,0.00,-51.29
6,2020,87.0833,0.00,0.00,-7.76,-52.61,-51.00,-39.79,-39.79,48.50,51.80,0.00,0.00,74.10,56.00,728.80,2.49,0.00,-67.74,-35.06,-78.44,-29.99,-79.36,-45.54,-81.50,-48.88,-97.70,-37.63,12.24,0.00,0.00,2.40,-52.45,-50.73,-52.73,-51.31,0.00,0.00,0.00,0.00,-51.29
6,2020,87.0833,0.00,0.00,-7.76,-52.61,-51.00,-39.79,-39.79,48.50,51.80,0.00,0.00,74.10,56.00,728.80,2.49,0.00,-67.74,-35.06,-78.44,-29.99,-79.36,-45.54,-81.50,-48.88,-97.70,-37.63,12.24,0.00,0.00,2.40,-52.45,-50.73,-52.73,-51.31,0.00,0.00,0.00,0.00,-51.29
6,2020,87.0833,0.00,0.00,-7.76,-52.61,-51.00,-39.79,-39.79,48.50,51.80,0.00,0.00,74.10,56.00,728.80,2.49,0.00,-67.74,-35.06,-78.44,-29.99,-79.36,-45.54,-81.50,-48.88,-97.70,-37.63,12.24,0.00,0.00,2.40,-52.45,-50.73,-52.73,-51.31,0.00,0.00,0.00,0.00,-51.29
6,2020,87.1250,0.00,0.00,-5.60,-52.47,-50.42,-39.79,-39.79,48.60,52.30,0.00,0.00,82.40,56.00,729.30,2.48,0.17,-68.36,-35.52,-78.93,-30.27,-79.82,-45.95,-81.90,-49.32,-98.10,-38.05,12.22,0.00,0.00,4.80,-52.42,-50.10,-52.50,-50.74,0.00,0.00,0.00,0.00,-51.72
6,2020,87.1667,0.00,0.00,-5.68,-52.49,-50.15,-39.79,-39.79,48.60,52.60,0.00,0.00,100.30,56.00,729.80,2.48,0.13,-68.52,-35.71,-79.15,-30.45,-80.10,-46.20,-82.20,-49.53,-98.40,-38.24,12.21,0.00,0.00,5.60,-52.36,-50.04,-52.67,-50.33,0.00,0.00,0.00,0.00,-51.94
6,2020,87.2083,0.00,0.00,-1.60,-52.71,-50.37,-39.79,-39.79,48.30,52.40,0.00,0.00,105.60,56.00,730.30,2.49,0.00,-69.06,-35.96,-79.37,-30.69,-80.30,-46.36,-82.40,-49.78,-98.60,-38.45,12.20,0.00,0.00,8.80,-52.54,-50.23,-53.05,-50.64,0.00,0.00,0.00,0.00,-52.14
6,2020,87.2083,0.00,0.00,-1.60,-52.71,-50.37,-39.79,-39.79,48.30,52.40,0.00,0.00,105.60,56.00,730.30,2.49,0.00,-69.06,-35.96,-79.37,-30.69,-80.30,-46.36,-82.40,-49.78,-98.60,-38.45,12.20,0.00,0.00,8.80,-52.54,-50.23,-53.05,-50.64,0.00,0.00,0.00,0.00,-52.14
6,2020,87.2500,0.00,0.00,-21.04,-52.95,-50.80,-39.79,-39.79,48.00,51.80,0.00,0.00,109.20,56.00,730.90,2.50,0.00,-67.88,-36.05,-79.73,-30.94,-80.70,-46.80,-82.80,-50.16,-99.00,-38.85,12.19,0.00,0.00,17.60,-52.62,-50.64,-53.18,-50.90,0.00,0.00,0.00,0.00,-52.55
6,2020,87.2917,0.00,0.00,-12.56,-52.27,-50.22,-39.79,-39.79,48.60,52.00,0.00,0.00,125.10,56.00,731.20,2.51,0.00,-68.83,-36.41,-79.99,-31.09,-80.90,-47.03,-83.10,-50.36,-99.20,-39.05,12.19,0.00,0.00,11.20,-52.08,-49.54,-52.64,-50.68,0.00,0.00,0.00,0.00,-52.78
6,2020,87.3333,0.80,1.40,-0.80,-52.43,-48.96,-39.79,-39.79,48.70,53.70,0.00,0.00,129.10,56.00,731.70,2.51,0.00,-70.17,-36.91,-80.40,-31.39,-81.30,-47.33,-83.40,-50.70,-99.60,-39.40,12.19,2.00,0.00,22.40,-52.19,-48.37,-52.62,-49.53,0.00,0.00,0.00,0.00,-53.13
6,2020,87.3333,0.80,1.40,-0.80,-52.43,-48.96,-39.79,-39.79,48.70,53.70,0.00,0.00,129.10,56.00,731.70,2.51,0.00,-70.17,-36.91,-80.40,-31.39,-81.30,-47.33,-83.40,-50.70,-99.60,-39.40,12.19,2.00,0.00,22.40,-52.19,-48.37,-52.62,-49.53,0.00,0.00,0.00,0.00,-53.13
6,2020,87.3333,0.80,1.40,-0.80,-52.43,-48.96,-39.79,-39.79,48.70,53.70,0.00,0.00,129.10,56.00,731.70,2.51,0.00,-70.17,-36.91,-80.40,-31.39,-81.30,-47.33,-83.40,-50.70,-99.60,-39.40,12.19,2.00,0.00,22.40,-52.19,-48.37,-52.62,-49.53,0.00,0.00,0.00,0.00,-53.13
6,2020,87.3333,0.80,1.40,-0.80,-52.43,-48.96,-39.79,-39.79,48.70,53.70,0.00,0.00,129.10,56.00,731.70,2.51,0.00,-70.17,-36.91,-80.40,-31.39,-81.30,-47.33,-83.40,-50.70,-99.60,-39.40,12.19,2.00,0.00,22.40,-52.19,-48.37,-52.62,-49.53,0.00,0.00,0.00,0.00,-53.13
6,2020,87.3750,23.20,56.40,-2.72,-52.29,-48.68,-39.79,-39.79,48.80,54.10,0.00,0.00,137.70,56.00,732.20,2.51,0.00,-70.24,-37.17,-80.60,-31.60,-81.70,-47.66,-83.70,-50.99,-99.90,-39.64,12.23,44.00,14.00,20.80,-51.80,-48.37,-52.49,-48.89,0.00,0.00,0.00,0.00,-53.41
6,2020,87.4167,59.00,131.80,-4.72,-50.74,-48.37,-39.79,-39.79,49.50,53.50,0.00,0.00,144.70,56.00,732.20,2.51,0.00,-69.46,-36.45,-79.99,-31.15,-80.90,-46.92,-83.00,-50.28,-99.20,-38.97,12.27,72.00,8.00,20.80,-49.68,-47.77,-51.78,-48.72,0.00,0.00,0.00,0.00,-52.71
6,2020,87.4583,80.20,186.60,-42.72,-48.82,-48.29,-39.79,-39.79,51.30,53.10,0.00,0.00,143.30,56.00,732.20,2.51,0.00,-64.80,-34.50,-78.32,-30.07,-79.47,-45.55,-81.50,-48.90,-97.70,-37.60,12.29,86.00,4.00,18.40,-48.42,-47.52,-49.67,-49.68,0.00,0.00,0.00,0.00,-51.28
6,2020,87.4583,80.20,186.60,-42.72,-48.82,-48.29,-39.79,-39.79,51.30,53.10,0.00,0.00,143.30,56.00,732.20,2.51,0.00,-64.80,-34.50,-78.32,-30.07,-79.47,-45.55,-81.50,-48.90,-97.70,-37.60,12.29,86.00,4.00,18.40,-48.42,-47.52,-49.67,-49.68,0.00,0.00,0.00,0.00,-51.28
6,2020,87.5000,88.80,254.60,-64.72,-47.69,-49.28,-39.79,-39.79,52.40,51.60,0.00,0.00,144.30,56.00,732.10,2.50,0.00,-61.63,-32.69,-76.58,-28.63,-77.81,-43.99,-79.79,-47.24,-96.00,-36.06,12.33,90.00,2.00,12.80,-46.97,-48.98,-48.44,-49.71,0.00,0.00,0.00,0.00,-49.69
6,2020,87.5417,104.00,318.40,-90.00,-46.53,-48.79,-39.79,-39.79,53.80,52.30,0.00,0.00,161.20,56.10,732.10,2.48,0.00,-58.38,-30.98,-75.04,-27.41,-76.51,-42.58,-78.30,-45.85,-94.50,-34.71,12.36,124.00,10.00,4.00,-46.01,-48.13,-46.98,-49.15,0.00,0.00,0.00,0.00,-48.25
6,2020,87.5833,147.20,391.00,-74.48,-45.13,-47.17,-39.79,-39.79,55.50,54.10,0.00,0.00,163.80,56.10,732.10,2.47,0.72,-58.29,-30.11,-73.92,-26.63,-75.25,-41.45,-77.13,-44.75,-93.20,-33.62,12.40,166.00,12.00,15.20,-44.15,-46.11,-46.02,-48.14,0.00,0.00,0.00,0.00,-47.13
6,2020,87.5833,147.20,391.00,-74.48,-45.13,-47.17,-39.79,-39.79,55.50,54.10,0.00,0.00,163.80,56.10,732.10,2.47,0.72,-58.29,-30.11,-73.92,-26.63,-75.25,-41.45,-77.13,-44.75,-93.20,-33.62,12.40,166.00,12.00,15.20,-44.15,-46.11,-46.02,-48.14,0.00,0.00,0.00,0.00,-47.13
6,2020,87.6250,173.40,418.00,-38.64,-43.12,-44.99,-39.79,-39.79,57.70,56.70,0.00,0.00,162.90,56.10,732.00,2.46,0.20,-59.82,-29.38,-72.64,-25.65,-73.88,-40.06,-75.67,-43.40,-91.80,-32.31,12.43,178.00,4.00,9.60,-42.26,-44.01,-44.15,-46.12,0.00,0.00,0.00,0.00,-45.76
6,2020,87.6667,142.40,405.20,-43.20,-41.84,-43.52,-39.79,-39.79,59.20,58.50,0.00,0.00,176.60,56.20,731.70,2.45,0.10,-57.58,-27.57,-70.71,-24.12,-71.99,-38.27,-73.76,-41.52,-89.90,-30.54,12.45,170.00,18.00,6.40,-41.61,-43.11,-42.26,-44.02,0.00,0.00,0.00,0.00,-43.93
6,2020,87.7083,90.60,370.60,-37.84,-41.47,-42.53,-39.79,-39.79,59.50,60.00,0.00,0.00,176.80,56.10,731.70,2.44,0.20,-56.60,-26.23,-69.16,-22.90,-70.44,-36.81,-72.18,-39.99,-88.30,-29.08,12.46,108.00,12.00,12.00,-41.12,-41.91,-41.69,-43.16,0.00,0.00,0.00,0.00,-42.43
6,2020,87.7500,63.40,321.00,-30.72,-41.01,-41.57,-39.79,-39.79,59.90,61.40,0.00,0.00,178.30,56.20,731.80,2.44,1.41,-55.93,-25.09,-67.83,-21.88,-69.04,-35.51,-70.81,-38.68,-86.80,-27.82,12.46,74.00,8.00,10.40,-40.84,-41.24,-41.14,-41.94,0.00,0.00,0.00,0.00,-41.13
6,2020,87.7917,55.40,183.20,-31.52,-40.81,-41.08,-39.79,-39.79,60.10,62.00,0.00,0.00,180.50,56.20,731.80,2.43,1.41,-54.87,-24.17,-66.87,-21.15,-67.79,-34.45,-69.77,-37.77,-85.90,-26.92,12.43,66.00,4.00,8.80,-40.74,-40.91,-40.88,-41.33,0.00,0.00,0.00,0.00,-40.19
6,2020,87.8333,37.80,87.80,-23.68,-40.39,-39.94,-39.75,-39.31,60.40,63.30,0.00,0.00,184.10,56.20,731.90,2.42,0.70,-55.08,-23.89,-66.44,-20.69,999.00,999.00,-69.13,-37.31,-85.50,-26.51,12.42,52.00,8.00,7.20,-39.48,-38.62,-40.80,-40.99,0.00,0.00,0.00,0.00,-39.77
6,2020,87.8333,37.80,87.80,-23.68,-40.39,-39.94,-39.75,-39.31,60.40,63.30,0.00,0.00,184.10,56.20,731.90,2.42,0.70,-55.08,-23.89,-66.44,-20.69,999.00,999.00,-69.13,-37.31,-85.50,-26.51,12.42,52.00,8.00,7.20,-39.48,-38.62,-40.80,-40.99,0.00,0.00,0.00,0.00,-39.77
6,2020,87.8750,16.60,36.80,-13.28,-38.79,-38.16,-38.91,-38.00,62.10,65.00,0.00,0.00,179.00,56.20,732.00,2.41,2.20,-55.26,-23.31,-65.68,-20.07,-64.64,-32.80,-68.38,-36.56,-84.60,-25.77,12.38,28.00,6.00,4.80,-37.99,-36.49,-39.45,-38.63,0.00,0.00,0.00,0.00,-38.98
6,2020,87.9167,3.00,6.60,-1.04,-36.60,-35.70,-36.73,-35.59,64.40,67.60,0.00,0.00,187.00,56.10,731.90,2.40,2.59,-54.69,-22.07,-64.19,-18.99,-63.51,-31.50,-66.86,-35.01,-83.00,-24.26,12.33,8.00,2.00,3.20,-35.77,-35.35,-37.98,-36.47,0.00,0.00,0.00,0.00,-37.52
6,2020,87.9583,0.60,0.40,0.00,-35.11,-34.69,-35.31,-34.59,66.10,68.60,0.00,0.00,188.30,147.50,731.90,2.40,2.39,-53.41,-20.72,-62.69,-17.77,999.00,-29.99,-65.35,-33.61,-81.50,-22.80,12.30,0.00,0.00,3.20,-34.67,-34.33,-35.76,-35.33,0.00,0.00,0.00,0.00,-36.09
6,2020,88.0000,0.40,0.00,-0.08,-34.58,-34.31,-34.83,-34.20,66.70,69.10,0.00,0.00,191.30,221.80,732.00,2.40,2.88,-52.51,-19.82,-61.74,-17.13,-60.62,-29.02,-64.35,-32.69,-80.50,-21.87,12.28,0.00,0.00,2.40,-33.83,-33.20,-34.83,-34.84,0.00,0.00,0.00,0.00,-35.18
6,2020,88.0417,0.40,0.00,-2.64,-33.28,-33.04,-33.54,-32.96,68.10,70.30,0.00,0.00,198.90,227.70,732.20,2.40,2.98,-51.28,-18.80,-60.73,-16.20,999.00,-28.41,-63.42,-31.77,-79.47,-20.85,12.26,0.00,0.00,3.20,-32.94,-32.68,-33.84,-33.23,0.00,0.00,0.00,0.00,-34.18
6,2020,88.0833,0.20,0.00,-1.84,-32.01,-31.77,-32.30,-31.68,69.50,71.70,0.00,0.00,199.40,228.90,732.50,2.32,2.78,-50.35,-17.75,-59.60,-15.37,999.00,-27.40,-62.33,-30.69,-78.28,-19.67,12.25,0.00,0.00,3.20,-31.66,-31.36,-32.93,-32.68,0.00,0.00,0.00,0.00,-33.12
6,2020,88.0833,0.20,0.00,-1.84,-32.01,-31.77,-32.30,-31.68,69.50,71.70,0.00,0.00,199.40,228.90,732.50,2.32,2.78,-50.35,-17.75,-59.60,-15.37,999.00,-27.40,-62.33,-30.69,-78.28,-19.67,12.25,0.00,0.00,3.20,-31.66,-31.36,-32.93,-32.68,0.00,0.00,0.00,0.00,-33.12
6,2020,88.1250,0.20,0.00,-9.92,-32.25,-32.40,-32.57,-32.36,69.40,71.00,0.00,0.00,191.40,221.60,732.60,0.80,2.96,-49.16,-16.99,-58.88,-14.87,-61.85,-27.22,-61.74,-30.03,-77.56,-18.96,12.24,0.00,0.00,4.80,-31.90,-32.04,-32.78,-33.14,0.00,0.00,0.00,0.00,-32.46
6,2020,88.1667,0.20,0.00,-9.12,-33.43,-33.51,-33.79,-33.50,68.30,70.00,0.00,0.00,187.30,217.50,732.70,2.17,2.97,-49.54,-17.30,-59.17,-15.03,-61.47,-27.35,-61.98,-30.31,-77.85,-19.30,12.23,0.00,0.00,3.20,-32.79,-33.01,-33.76,-33.77,0.00,0.00,0.00,0.00,-32.76
6,2020,88.2083,0.20,0.00,-3.44,-32.17,-31.42,-32.37,-31.33,69.60,72.40,0.00,0.00,193.60,223.70,732.70,2.40,2.87,-50.00,-17.39,-59.23,-15.16,-57.89,-26.59,-61.83,-30.32,-77.84,-19.26,12.22,0.00,0.00,4.00,-30.93,-30.48,-33.57,-32.98,0.00,0.00,0.00,0.00,-32.77
6,2020,88.2500,0.20,0.00,-18.16,-30.86,-30.79,-31.11,-30.74,71.00,72.70,0.00,0.00,198.10,227.80,732.80,2.40,2.95,-47.86,-16.16,-58.13,-14.30,-63.91,-27.16,-61.20,-29.40,-76.79,-18.12,12.21,0.00,0.00,3.20,-30.66,-30.42,-31.27,-31.39,0.00,0.00,0.00,0.00,-31.75
6,2020,88.2917,0.20,0.00,-13.44,-31.61,-31.61,-31.92,-31.60,70.30,72.00,0.00,0.00,192.70,224.50,733.20,2.40,2.96,-48.08,-16.06,-57.95,-14.27,-61.78,-26.53,-60.92,-29.20,-76.60,-17.93,12.20,0.00,0.00,7.20,-31.26,-31.40,-32.00,-32.03,0.00,0.00,0.00,0.00,-31.57
6,2020,88.3333,0.80,1.40,-17.36,-32.52,-32.62,-32.88,-32.65,69.40,71.10,0.00,0.00,183.50,217.10,733.30,2.40,2.96,-48.07,-16.38,-58.37,-14.54,-61.13,-26.72,-61.28,-29.61,-77.02,-18.39,12.20,2.00,0.00,4.80,-32.00,-32.04,-33.18,-33.24,0.00,0.00,0.00,0.00,-31.98
6,2020,88.3333,0.80,1.40,-17.36,-32.52,-32.62,-32.88,-32.65,69.40,71.10,0.00,0.00,183.50,217.10,733.30,2.40,2.96,-48.07,-16.38,-58.37,-14.54,-61.13,-26.72,-61.28,-29.61,-77.02,-18.39,12.20,2.00,0.00,4.80,-32.00,-32.04,-33.18,-33.24,0.00,0.00,0.00,0.00,-31.98
6,2020,88.3750,6.20,13.80,-13.04,-32.44,-31.78,-32.66,-31.65,69.40,72.20,0.00,0.00,193.60,224.00,733.20,2.39,2.95,-48.90,-16.89,-58.81,-14.87,-60.45,-26.90,-61.62,-30.00,-77.46,-18.84,12.19,12.00,4.00,4.00,-31.03,-30.25,-33.24,-33.21,0.00,0.00,0.00,0.00,-32.41
6,2020,88.4167,21.40,46.20,-7.52,-29.19,-28.64,-29.46,-28.51,72.60,75.40,0.00,0.00,201.40,229.30,733.10,2.38,2.94,-48.00,-15.58,-57.47,-13.95,999.00,-23.11,-59.57,-28.49,-75.92,-17.22,12.20,32.00,6.00,1.60,-27.87,-27.62,-31.01,-30.22,0.00,0.00,0.00,0.00,-31.10
6,2020,88.4583,46.00,92.20,-12.88,-27.47,-27.34,-27.70,-27.26,74.40,76.40,0.00,0.00,206.20,233.20,733.50,2.37,2.93,-45.68,-13.24,-55.16,-12.53,999.00,-22.67,-57.66,-26.38,-73.45,-14.35,12.22,64.00,8.00,2.40,-27.11,-26.97,-27.86,-27.64,0.00,0.00,0.00,0.00,-28.85
6,2020,88.4583,46.00,92.20,-12.88,-27.47,-27.34,-27.70,-27.26,74.40,76.40,0.00,0.00,206.20,233.20,733.50,2.37,2.93,-45.68,-13.24,-55.16,-12.53,999.00,-22.67,-57.66,-26.38,-73.45,-14.35,12.22,64.00,8.00,2.40,-27.11,-26.97,-27.86,-27.64,0.00,0.00,0.00,0.00,-28.85
6,2020,88.5000,89.60,159.20,-20.24,-26.83,-26.79,-27.06,-26.71,75.10,76.90,0.00,0.00,203.30,231.20,733.70,2.37,2.93,-43.71,-11.49,-53.60,-11.65,999.00,-21.53,-56.13,-24.89,-71.74,-12.15,12.24,118.00,16.00,2.40,-26.53,-26.50,-27.12,-27.01,0.00,0.00,0.00,0.00,-27.34
6,2020,88.5417,146.00,228.20,-21.92,-26.21,-26.22,-26.41,-26.15,75.80,77.40,0.00,0.00,206.30,233.40,733.80,2.36,2.92,-42.64,-10.23,-52.41,-11.20,999.00,-20.15,-54.83,-23.73,-70.35,-10.12,12.26,176.00,18.00,0.00,-25.93,-25.97,-26.54,-26.51,0.00,0.00,0.00,0.00,-26.20
6,2020,88.5833,230.80,278.80,-25.12,-25.70,-25.75,-25.89,-25.67,76.30,77.80,0.00,0.00,208.30,234.30,734.10,2.37,2.92,-41.77,-9.09,-51.39,-10.92,999.00,999.00,-53.55,-22.73,-69.01,-8.07,12.31,272.00,30.00,3.20,-25.57,-25.64,-25.95,-25.98,0.00,0.00,0.00,0.00,-25.19
6,2020,88.5833,230.80,278.80,-25.12,-25.70,-25.75,-25.89,-25.67,76.30,77.80,0.00,0.00,208.30,234.30,734.10,2.37,2.92,-41.77,-9.09,-51.39,-10.92,999.00,999.00,-53.55,-22.73,-69.01,-8.07,12.31,272.00,30.00,3.20,-25.57,-25.64,-25.95,-25.98,0.00,0.00,0.00,0.00,-25.19
6,2020,88.6250,297.00,302.00,-31.28,-25.62,-25.78,-25.76,-25.70,76.40,77.70,0.00,0.00,203.80,232.50,734.40,2.38,2.92,-40.95,-8.22,-50.62,-10.70,999.00,-18.91,-52.99,-21.99,-67.99,-6.43,12.36,364.00,34.00,3.20,-25.56,-25.68,-25.68,-25.86,0.00,0.00,0.00,0.00,-24.51
6,2020,88.6667,281.60,275.40,-28.64,-25.86,-26.00,-25.98,-25.97,76.10,77.60,0.00,0.00,202.80,231.10,734.40,2.38,2.92,-41.12,9816.00,-50.39,-10.72,999.00,-18.66,-52.68,-21.83,-67.58,-5.67,12.39,302.00,14.00,1.60,-25.65,-25.76,-25.92,-26.10,0.00,0.00,0.00,0.00,-24.28
6,2020,88.7083,248.40,238.20,-24.08,-25.82,-25.94,-25.98,-25.91,76.20,77.80,0.00,0.00,199.70,229.30,734.20,2.38,2.82,-41.64,-8.07,-50.47,-10.78,999.00,-19.12,-52.85,-21.90,-67.48,-5.50,12.45,276.00,12.00,1.60,-25.71,-25.85,-25.92,-26.02,0.00,0.00,0.00,0.00,-24.33
6,2020,88.7500,200.80,189.20,-14.48,-25.58,-25.84,-25.83,-25.87,76.40,78.00,0.00,0.00,192.40,223.60,734.00,2.38,2.72,-42.63,-8.28,-50.55,-10.93,-55.76,-19.40,-52.94,-21.95,-67.44,-5.37,12.46,226.00,14.00,3.20,-25.44,-25.76,-25.73,-25.90,0.00,0.00,0.00,0.00,-24.38
6,2020,88.7917,148.80,138.80,-5.84,-25.41,-25.78,-25.74,-25.81,76.60,78.20,0.00,0.00,181.00,213.30,733.80,2.39,2.72,-43.43,-8.45,-50.66,-10.98,-55.07,-19.31,-52.97,-22.02,-67.42,-5.31,12.45,176.00,14.00,4.00,-25.36,-25.73,-25.48,-25.88,0.00,0.00,0.00,0.00,-24.45
6,2020,88.8333,95.80,88.60,-0.80,-25.75,-26.04,-26.15,-26.09,76.30,78.10,0.00,0.00,165.30,192.80,733.70,2.37,2.42,-43.90,-8.75,-50.91,-11.12,-53.52,-19.13,-53.11,-22.20,-67.61,-5.69,12.42,124.00,16.00,1.60,-25.46,-25.86,-26.02,-26.20,0.00,0.00,0.00,0.00,-24.67
6,2020,88.8333,95.80,88.60,-0.80,-25.75,-26.04,-26.15,-26.09,76.30,78.10,0.00,0.00,165.30,192.80,733.70,2.37,2.42,-43.90,-8.75,-50.91,-11.12,-53.52,-19.13,-53.11,-22.20,-67.61,-5.69,12.42,124.00,16.00,1.60,-25.46,-25.86,-26.02,-26.20,0.00,0.00,0.00,0.00,-24.67
6,2020,88.8750,44.60,40.80,-3.20,-26.18,-26.29,-26.53,-26.30,76.00,77.90,0.00,0.00,156.00,182.10,733.70,2.38,1.56,-44.06,-9.18,-51.35,-11.26,-53.51,-19.43,-53.55,-22.63,-68.11,-6.50,12.35,68.00,12.00,1.60,-26.01,-26.19,-26.35,-26.39,0.00,0.00,0.00,0.00,-25.06
6,2020,88.9167,8.80,8.00,-5.44,-26.51,-26.51,-26.82,-26.50,75.70,77.70,0.00,0.00,158.30,185.90,733.50,2.38,2.59,-44.15,-9.69,-51.87,-11.34,-53.23,-19.83,-54.09,-23.12,-68.81,9351.00,12.31,24.00,6.00,0.00,-26.33,-26.39,-26.61,-26.58,0.00,0.00,0.00,0.00,-25.55
6,2020,88.9583,0.40,0.20,-1.28,-25.99,-25.86,-26.18,-25.71,76.10,78.20,0.00,0.00,174.40,204.70,733.20,2.37,1.44,-44.72,-10.07,-52.19,-11.48,-53.55,-20.18,-54.41,-23.43,-69.11,-8.03,12.29,2.00,0.00,1.60,-25.22,-24.84,-26.58,-26.53,0.00,0.00,0.00,0.00,-25.85
6,2020,88.9583,0.40,0.20,-1.28,-25.99,-25.86,-26.18,-25.71,76.10,78.20,0.00,0.00,174.40,204.70,733.20,2.37,1.44,-44.72,-10.07,-52.19,-11.48,-53.55,-20.18,-54.41,-23.43,-69.11,-8.03,12.29,2.00,0.00,1.60,-25.22,-24.84,-26.58,-26.53,0.00,0.00,0.00,0.00,-25.85
6,2020,89.0000,0.00,0.00,-1.84,-24.08,-23.62,-24.27,-23.48,78.00,80.60,0.00,0.00,192.70,222.30,733.20,2.35,1.13,-44.57,-9.32,-51.51,-11.86,-50.03,-18.95,-53.50,-22.67,-68.02,-6.25,12.27,0.00,0.00,2.40,-23.15,-22.79,-25.20,-24.82,0.00,0.00,0.00,0.00,-25.24
6,2020,89.0417,0.00,0.00,-5.76,-22.67,-22.48,-22.93,-22.41,79.40,81.60,0.00,0.00,200.00,229.20,733.30,2.37,1.58,-43.93,9528.00,-50.04,-12.01,-48.53,-17.56,-51.86,-21.34,-65.98,-2.60,12.25,0.00,0.00,3.20,-22.26,-22.12,-23.15,-22.81,0.00,0.00,0.00,0.00,-23.91
6,2020,89.0833,0.00,0.00,-2.32,-22.02,-21.92,-22.27,-21.86,80.00,82.10,0.00,1.20,202.90,229.80,733.30,2.37,2.47,-44.00,-6.51,-48.89,-12.23,999.00,-14.51,-50.04,-20.16,-64.02,0.96,12.24,0.00,0.00,2.40,-21.85,-21.76,-22.29,-22.13,0.00,8.60,0.00,2.65,-22.88
6,2020,89.0833,0.00,0.00,-2.32,-22.02,-21.92,-22.27,-21.86,80.00,82.10,0.00,1.20,202.90,229.80,733.30,2.37,2.47,-44.00,-6.51,-48.89,-12.23,999.00,-14.51,-50.04,-20.16,-64.02,0.96,12.24,0.00,0.00,2.40,-21.85,-21.76,-22.29,-22.13,0.00,8.60,0.00,2.65,-22.88
6,2020,89.1250,0.00,0.00,-10.00,-21.90,-21.87,-22.15,-21.81,80.20,82.10,0.00,7.60,202.80,229.50,733.50,2.37,2.89,-43.39,-5.68,-48.15,-12.26,999.00,999.00,-49.20,-19.52,-62.72,999.00,12.23,0.00,0.00,2.40,-21.81,-21.74,-22.10,-22.15,0.00,8.89,0.00,0.47,-22.25
6,2020,89.1667,0.00,0.00,-16.08,-22.37,-22.39,-22.64,-22.35,79.80,81.60,0.00,7.20,201.70,226.60,733.70,2.37,2.90,-42.95,-5.52,-48.06,-12.17,999.00,-16.82,-50.05,-19.69,-62.70,999.00,12.22,0.00,0.00,4.00,-22.10,-22.15,-22.61,-22.66,0.00,8.43,0.00,0.47,-22.17
6,2020,89.2083,0.00,0.00,-12.08,-22.61,-22.52,-22.89,-22.48,79.50,81.70,0.00,6.10,200.60,226.80,734.00,2.37,2.89,-43.36,-5.87,-48.36,-12.12,999.00,-17.55,-50.45,-19.96,-62.98,3.06,12.21,0.00,0.00,7.20,-22.42,-22.23,-22.76,-22.78,0.00,6.98,0.00,0.31,-22.44
6,2020,89.2083,0.00,0.00,-12.08,-22.61,-22.52,-22.89,-22.48,79.50,81.70,0.00,6.10,200.60,226.80,734.00,2.37,2.89,-43.36,-5.87,-48.36,-12.12,999.00,-17.55,-50.45,-19.96,-62.98,3.06,12.21,0.00,0.00,7.20,-22.42,-22.23,-22.76,-22.78,0.00,6.98,0.00,0.31,-22.44
6,2020,89.2500,0.00,0.00,-11.76,-22.91,-23.01,-23.19,-23.00,79.30,81.10,0.00,6.80,194.10,220.40,734.10,2.36,2.89,-43.48,-6.09,-48.60,-12.05,999.00,-16.76,-50.41,-20.07,-63.24,2.58,12.21,0.00,0.00,11.20,-22.42,-22.31,-23.30,-23.42,0.00,8.32,0.00,0.54,-22.65
6,2020,89.2917,0.00,0.00,1.12,-22.29,-21.89,-22.51,-21.85,79.80,82.40,0.00,7.80,195.20,222.40,734.30,2.28,2.90,-44.72,-6.28,-48.65,-12.56,999.00,-14.88,-49.88,-20.00,-62.87,999.00,12.20,0.00,0.00,2.40,-21.67,-21.50,-23.17,-22.89,0.00,9.62,0.00,0.53,-22.67
6,2020,89.3333,1.00,1.00,-2.00,-21.62,-21.56,-21.87,-21.51,80.50,82.50,0.00,8.70,189.60,216.20,734.40,2.31,2.88,-44.71,-5.50,-47.88,-12.89,999.00,-16.22,-49.61,-19.49,-61.64,999.00,12.14,4.00,2.00,2.40,-21.55,-21.45,-21.70,-21.64,0.00,10.27,0.00,0.50,-22.05
6,2020,89.3750,16.00,14.40,-0.24,-21.11,-20.98,-21.34,-20.95,80.90,83.20,0.00,10.20,185.70,213.50,734.00,2.29,1.99,-44.88,-4.91,-47.29,-13.43,999.00,-13.56,-48.34,-18.88,-60.25,999.00,12.19,34.00,10.00,0.80,-20.65,-20.51,-21.56,-21.45,0.00,12.09,0.00,0.71,-21.59
6,2020,89.4167,60.20,54.80,-0.08,-20.20,-20.07,-20.42,-20.01,81.80,83.90,0.00,10.70,184.20,212.70,733.70,2.31,2.20,-45.36,-4.02,-46.25,-14.55,999.00,999.00,-47.59,-18.12,-58.02,999.00,12.23,84.00,14.00,0.80,-19.79,-19.71,-20.65,-20.53,0.00,12.39,0.00,0.73,-20.82
6,2020,89.4583,110.80,100.80,-1.12,-19.36,-19.26,-19.56,-19.20,82.50,84.60,0.00,10.60,187.90,216.70,733.60,2.32,2.77,-45.77,-2.90,-44.84,-16.18,999.00,999.00,-45.39,-17.04,-54.56,999.00,12.27,134.00,14.00,1.60,-18.86,-18.80,-19.80,-19.71,0.00,13.07,0.00,0.73,-19.83
6,2020,89.4583,110.80,100.80,-1.12,-19.36,-19.26,-19.56,-19.20,82.50,84.60,0.00,10.60,187.90,216.70,733.60,2.32,2.77,-45.77,-2.90,-44.84,-16.18,999.00,999.00,-45.39,-17.04,-54.56,999.00,12.27,134.00,14.00,1.60,-18.86,-18.80,-19.80,-19.71,0.00,13.07,0.00,0.73,-19.83
6,2020,89.5000,166.20,151.20,-2.96,-18.41,-18.41,-18.66,-18.35,83.40,85.40,0.00,11.60,189.60,218.10,733.20,2.31,1.70,-46.49,-2.02,-43.17,-18.55,999.00,999.00,-43.70,-15.94,-50.32,999.00,12.31,184.00,14.00,2.40,-17.98,-18.05,-18.86,-18.80,0.00,14.08,0.00,0.76,-18.73
6,2020,89.5417,203.00,185.00,-6.48,-17.57,-17.62,-17.83,-17.59,84.10,86.10,0.00,12.20,193.60,220.80,732.90,2.24,2.39,-47.50,-1.62,-41.27,-22.39,999.00,999.00,999.00,-14.78,-44.90,999.00,12.38,226.00,16.00,2.40,-17.14,-17.29,-17.99,-18.07,0.00,15.17,0.00,0.97,-17.69
6,2020,89.5833,244.00,222.00,3.04,-16.89,-17.15,-17.21,-17.10,84.70,86.40,0.00,13.70,195.40,221.70,732.50,2.32,2.80,999.00,-1.87,-39.47,-26.43,999.00,999.00,999.00,-13.77,-38.72,999.00,12.55,262.00,10.00,9.60,-16.67,-17.02,-17.14,-17.31,0.00,15.99,0.00,0.97,-16.79
6,2020,89.6250,281.40,258.40,20.56,-16.56,-16.85,-16.83,-16.82,85.00,86.80,0.00,12.80,197.80,224.70,732.20,2.32,2.55,999.00,-2.68,-38.06,-28.98,999.00,999.00,999.00,-13.66,999.00,999.00,12.72,320.00,18.00,4.00,-16.47,-16.68,-16.69,-17.05,0.00,15.91,0.00,1.25,-16.24
6,2020,89.6667,285.00,263.00,23.36,-16.39,-16.62,-16.59,-16.59,85.20,87.00,0.00,11.90,200.60,226.30,732.00,2.34,2.84,999.00,-3.21,-36.70,-30.71,999.00,999.00,999.00,999.00,999.00,999.00,12.79,336.00,16.00,2.40,-16.28,-16.55,-16.51,-16.71,0.00,14.48,0.00,0.93,-15.81
6,2020,89.7083,262.80,242.40,22.08,-16.29,-16.64,-16.54,-16.61,85.30,86.90,0.00,12.50,198.90,225.60,731.90,2.34,2.08,999.00,-3.61,-35.78,-31.07,999.00,999.00,999.00,-13.25,999.00,999.00,12.80,340.00,32.00,3.20,-16.22,-16.53,-16.40,-16.77,0.00,15.99,0.00,0.99,-15.62
6,2020,89.7083,262.80,242.40,22.08,-16.29,-16.64,-16.54,-16.61,85.30,86.90,0.00,12.50,198.90,225.60,731.90,2.34,2.08,999.00,-3.61,-35.78,-31.07,999.00,999.00,999.00,-13.25,999.00,999.00,12.80,340.00,32.00,3.20,-16.22,-16.53,-16.40,-16.77,0.00,15.99,0.00,0.99,-15.62
6,2020,89.7500,207.40,191.40,17.84,-16.45,-16.73,-16.70,-16.70,85.20,87.00,0.00,12.40,199.10,225.00,731.60,2.34,2.17,999.00,-3.59,-35.86,-30.04,999.00,999.00,999.00,999.00,999.00,999.00,12.78,236.00,20.00,2.40,-16.39,-16.65,-16.50,-16.80,0.00,15.30,0.00,0.98,-15.75
6,2020,89.7917,150.20,138.40,11.12,-16.45,-16.63,-16.73,-16.59,85.20,87.10,0.00,12.90,196.90,223.20,731.30,2.34,2.47,999.00,-3.55,-36.08,-29.43,999.00,999.00,999.00,999.00,999.00,999.00,12.73,178.00,16.00,2.40,-16.41,-16.56,-16.49,-16.71,0.00,15.28,0.00,1.00,-15.93
6,2020,89.8333,96.00,88.20,4.56,-16.48,-16.60,-16.76,-16.57,85.30,87.10,0.00,12.60,196.30,222.70,731.00,2.34,2.86,999.00,-3.58,-36.15,-28.35,999.00,999.00,999.00,999.00,999.00,999.00,12.65,120.00,16.00,3.20,-16.40,-16.41,-16.60,-16.73,0.00,15.82,0.00,1.05,-16.06
6,2020,89.8750,47.40,43.40,-0.88,-16.64,-16.65,-16.90,-16.62,85.10,87.10,0.00,11.60,199.20,224.00,730.70,2.34,2.87,999.00,-3.50,-36.59,-26.67,999.00,999.00,999.00,-13.84,999.00,999.00,12.57,64.00,10.00,1.60,-16.51,-16.44,-16.70,-16.77,0.00,14.04,0.00,0.90,-16.28
6,2020,89.9167,10.60,9.60,-4.24,-16.42,-16.39,-16.65,-16.36,85.40,87.30,0.00,11.50,198.70,225.20,730.20,2.34,2.88,999.00,-3.49,-36.60,-26.29,999.00,999.00,999.00,999.00,999.00,999.00,12.49,26.00,8.00,1.60,-16.36,-16.33,-16.52,-16.47,0.00,15.52,0.00,0.95,-16.34
6,2020,89.9583,0.60,0.60,-5.36,-16.53,-16.53,-16.78,-16.49,85.30,87.20,0.00,11.80,199.20,225.70,729.70,2.34,2.88,999.00,-3.06,-36.54,-25.13,999.00,999.00,999.00,999.00,999.00,999.00,12.45,2.00,0.00,0.80,-16.38,-16.41,-16.77,-16.60,0.00,13.86,0.00,0.86,-16.38
6,2020,89.9583,0.60,0.60,-5.36,-16.53,-16.53,-16.78,-16.49,85.30,87.20,0.00,11.80,199.20,225.70,729.70,2.34,2.88,999.00,-3.06,-36.54,-25.13,999.00,999.00,999.00,999.00,999.00,999.00,12.45,2.00,0.00,0.80,-16.38,-16.41,-16.77,-16.60,0.00,13.86,0.00,0.86,-16.38
6,2020,90.0000,0.00,0.00,-2.88,-16.45,-16.41,-16.69,-16.35,85.30,87.40,0.00,11.30,199.90,226.30,729.10,2.34,2.88,999.00,-2.99,-36.42,-24.44,999.00,999.00,999.00,999.00,999.00,999.00,12.42,0.00,0.00,1.60,-16.34,-16.19,-16.56,-16.54,0.00,14.32,0.00,0.91,-16.43
6,2020,90.0417,0.00,0.00,-1.04,-16.50,-16.48,-16.71,-16.43,85.30,87.20,0.00,11.00,204.90,230.50,728.80,2.34,2.88,999.00,-3.12,-36.23,-23.76,999.00,999.00,999.00,999.00,999.00,999.00,12.39,0.00,0.00,1.60,-16.35,-16.32,-17.28,-16.80,0.00,14.84,0.00,1.22,-16.38
6,2020,90.0833,0.00,0.00,-3.52,-18.13,-18.02,-18.30,-18.01,83.80,85.70,0.00,6.90,229.50,252.60,729.00,2.35,2.88,999.00,-2.59,-37.67,-20.42,999.00,999.00,-41.96,-14.96,-31.06,999.00,12.37,0.00,0.00,2.40,-17.31,-16.84,-18.55,-18.49,0.00,9.83,0.00,1.07,-16.87
6,2020,90.1250,0.00,0.00,-5.84,-18.84,-18.81,-19.08,-18.81,83.30,85.20,0.00,6.50,225.20,249.50,728.70,2.35,2.89,-49.32,-1.92,-39.89,-17.69,999.00,999.00,-42.51,-15.50,-36.63,999.00,12.36,0.00,0.00,0.80,-18.51,-18.49,-19.15,-19.11,0.00,7.78,0.00,0.47,-17.89
6,2020,90.1667,0.00,0.00,-7.36,-19.40,-19.39,-19.64,-19.37,82.80,84.80,0.00,5.60,217.90,241.80,728.40,2.35,2.88,-48.48,-2.00,-41.53,-16.25,999.00,-6.70,-43.68,-16.18,-41.49,999.00,12.35,0.00,0.00,2.40,-19.13,-19.11,-19.68,-19.71,0.00,7.29,0.00,0.49,-18.71
