1,2020,82.8333,179.60,197.87,31.60,-21.57,-21.43,-26.82,-20.75,74.10,79.10,8.60,9.10,43.90,106.70,754.40,2.35,2.31,999.00,999.00,999.00,-5.63,-6.47,9365.00,-9.02,-5.14,999.00,-15.31,999.00,222.00,9.35,4.80,-21.07,-20.93,-22.03,-21.90,10.19,10.60,0.73,0.75,-19.86
1,2020,82.8333,179.60,197.87,31.60,-21.57,-21.43,-26.82,-20.75,74.10,79.10,8.60,9.10,43.90,106.70,754.40,2.35,2.31,999.00,999.00,999.00,-5.63,-6.47,9365.00,-9.02,-5.14,999.00,-15.31,999.00,222.00,9.35,4.80,-21.07,-20.93,-22.03,-21.90,10.19,10.60,0.73,0.75,-19.86
1,2020,82.8750,91.80,116.69,20.48,-22.13,-22.00,-26.81,-21.44,72.60,78.10,9.10,9.60,51.70,105.00,754.90,2.35,2.31,999.00,999.00,999.00,-5.61,-6.44,9333.00,-8.98,-5.08,999.00,-15.32,999.00,136.00,8.63,3.20,-21.40,-21.27,-22.75,-22.62,10.90,11.48,0.75,0.79,-20.74
1,2020,82.9167,21.60,31.64,25.28,-23.46,-23.32,-26.81,-22.88,70.80,77.00,7.50,8.10,45.50,109.60,757.80,2.36,2.32,999.00,999.00,999.00,-5.61,-6.42,9301.00,-8.93,-5.00,999.00,-15.33,999.00,52.00,5.03,6.40,-22.74,-22.64,-24.60,-24.44,8.63,9.08,0.48,0.50,-22.31
1,2020,82.9583,1.20,0.86,33.52,-25.34,-25.18,-26.81,-24.91,69.00,75.70,5.20,5.70,52.10,100.20,758.80,2.37,2.33,999.00,999.00,999.00,-5.64,-6.46,9339.00,-8.96,-5.02,999.00,-15.33,999.00,4.00,0.72,5.60,-24.28,-24.10,-26.58,-26.42,8.28,8.87,0.94,1.00,-24.69
1,2020,82.9583,1.20,0.86,33.52,-25.34,-25.18,-26.81,-24.91,69.00,75.70,5.20,5.70,52.10,100.20,758.80,2.37,2.33,999.00,999.00,999.00,-5.64,-6.46,9339.00,-8.96,-5.02,999.00,-15.33,999.00,4.00,0.72,5.60,-24.28,-24.10,-26.58,-26.42,8.28,8.87,0.94,1.00,-24.69
1,2020,82.9583,1.20,0.86,33.52,-25.34,-25.18,-26.81,-24.91,69.00,75.70,5.20,5.70,52.10,100.20,758.80,2.37,2.33,999.00,999.00,999.00,-5.64,-6.46,9339.00,-8.96,-5.02,999.00,-15.33,999.00,4.00,0.72,5.60,-24.28,-24.10,-26.58,-26.42,8.28,8.87,0.94,1.00,-24.69
1,2020,82.9583,1.20,0.86,33.52,-25.34,-25.18,-26.81,-24.91,69.00,75.70,5.20,5.70,52.10,100.20,758.80,2.37,2.33,999.00,999.00,999.00,-5.64,-6.46,9339.00,-8.96,-5.02,999.00,-15.33,999.00,4.00,0.72,5.60,-24.28,-24.10,-26.58,-26.42,8.28,8.87,0.94,1.00,-24.69
1,2020,82.9583,1.20,0.86,33.52,-25.34,-25.18,-26.81,-24.91,69.00,75.70,5.20,5.70,52.10,100.20,758.80,2.37,2.33,999.00,999.00,999.00,-5.64,-6.46,9339.00,-8.96,-5.02,999.00,-15.33,999.00,4.00,0.72,5.60,-24.28,-24.10,-26.58,-26.42,8.28,8.87,0.94,1.00,-24.69
1,2020,82.9583,1.20,0.86,33.52,-25.34,-25.18,-26.81,-24.91,69.00,75.70,5.20,5.70,52.10,100.20,758.80,2.37,2.33,999.00,999.00,999.00,-5.64,-6.46,9339.00,-8.96,-5.02,999.00,-15.33,999.00,4.00,0.72,5.60,-24.28,-24.10,-26.58,-26.42,8.28,8.87,0.94,1.00,-24.69
1,2020,82.9583,1.20,0.86,33.52,-25.34,-25.18,-26.81,-24.91,69.00,75.70,5.20,5.70,52.10,100.20,758.80,2.37,2.33,999.00,999.00,999.00,-5.64,-6.46,9339.00,-8.96,-5.02,999.00,-15.33,999.00,4.00,0.72,5.60,-24.28,-24.10,-26.58,-26.42,8.28,8.87,0.94,1.00,-24.69
1,2020,82.9583,1.20,0.86,33.52,-25.34,-25.18,-26.81,-24.91,69.00,75.70,5.20,5.70,52.10,100.20,758.80,2.37,2.33,999.00,999.00,999.00,-5.64,-6.46,9339.00,-8.96,-5.02,999.00,-15.33,999.00,4.00,0.72,5.60,-24.28,-24.10,-26.58,-26.42,8.28,8.87,0.94,1.00,-24.69
1,2020,82.9583,1.20,0.86,33.52,-25.34,-25.18,-26.81,-24.91,69.00,75.70,5.20,5.70,52.10,100.20,758.80,2.37,2.33,999.00,999.00,999.00,-5.64,-6.46,9339.00,-8.96,-5.02,999.00,-15.33,999.00,4.00,0.72,5.60,-24.28,-24.10,-26.58,-26.42,8.28,8.87,0.94,1.00,-24.69
1,2020,82.9583,1.20,0.86,33.52,-25.34,-25.18,-26.81,-24.91,69.00,75.70,5.20,5.70,52.10,100.20,758.80,2.37,2.33,999.00,999.00,999.00,-5.64,-6.46,9339.00,-8.96,-5.02,999.00,-15.33,999.00,4.00,0.72,5.60,-24.28,-24.10,-26.58,-26.42,8.28,8.87,0.94,1.00,-24.69
1,2020,83.0000,0.40,0.00,33.44,-26.46,-26.31,-26.81,-26.08,69.10,75.50,7.40,7.90,33.60,104.40,761.70,2.37,2.33,999.00,999.00,999.00,-5.68,-6.50,9379.00,-9.01,-5.09,999.00,-15.36,999.00,0.00,0.00,3.20,-25.84,-25.71,-27.05,-26.93,8.47,9.15,0.32,0.34,-26.61
1,2020,83.0417,0.40,0.00,32.80,-27.04,-26.90,-26.80,-26.66,68.00,74.50,6.90,7.40,39.00,104.80,763.30,2.37,2.34,999.00,999.00,999.00,-5.70,-6.52,9398.00,-9.04,-5.13,999.00,-15.38,999.00,0.00,0.00,3.20,-26.34,-26.20,-27.68,-27.54,8.17,8.62,0.46,0.48,-27.54
1,2020,83.0833,0.40,0.00,29.60,-27.76,-27.60,-26.80,-27.37,67.10,73.90,5.80,6.20,30.90,110.30,764.60,2.38,2.34,999.00,999.00,999.00,-5.71,-6.53,9415.00,-9.05,-5.14,999.00,-15.40,999.00,0.00,0.00,4.80,-27.27,-27.10,-28.27,-28.05,6.89,7.42,0.54,0.57,-28.41
1,2020,83.0833,0.40,0.00,29.60,-27.76,-27.60,-26.80,-27.37,67.10,73.90,5.80,6.20,30.90,110.30,764.60,2.38,2.34,999.00,999.00,999.00,-5.71,-6.53,9415.00,-9.05,-5.14,999.00,-15.40,999.00,0.00,0.00,4.80,-27.27,-27.10,-28.27,-28.05,6.89,7.42,0.54,0.57,-28.41
1,2020,83.0833,0.40,0.00,29.60,-27.76,-27.60,-26.80,-27.37,67.10,73.90,5.80,6.20,30.90,110.30,764.60,2.38,2.34,999.00,999.00,999.00,-5.71,-6.53,9415.00,-9.05,-5.14,999.00,-15.40,999.00,0.00,0.00,4.80,-27.27,-27.10,-28.27,-28.05,6.89,7.42,0.54,0.57,-28.41
1,2020,83.0833,0.40,0.00,29.60,-27.76,-27.60,-26.80,-27.37,67.10,73.90,5.80,6.20,30.90,110.30,764.60,2.38,2.34,999.00,999.00,999.00,-5.71,-6.53,9415.00,-9.05,-5.14,999.00,-15.40,999.00,0.00,0.00,4.80,-27.27,-27.10,-28.27,-28.05,6.89,7.42,0.54,0.57,-28.41
1,2020,83.0833,0.40,0.00,29.60,-27.76,-27.60,-26.80,-27.37,67.10,73.90,5.80,6.20,30.90,110.30,764.60,2.38,2.34,999.00,999.00,999.00,-5.71,-6.53,9415.00,-9.05,-5.14,999.00,-15.40,999.00,0.00,0.00,4.80,-27.27,-27.10,-28.27,-28.05,6.89,7.42,0.54,0.57,-28.41
1,2020,83.0833,0.40,0.00,29.60,-27.76,-27.60,-26.80,-27.37,67.10,73.90,5.80,6.20,30.90,110.30,764.60,2.38,2.34,999.00,999.00,999.00,-5.71,-6.53,9415.00,-9.05,-5.14,999.00,-15.40,999.00,0.00,0.00,4.80,-27.27,-27.10,-28.27,-28.05,6.89,7.42,0.54,0.57,-28.41
1,2020,83.0833,0.40,0.00,29.60,-27.76,-27.60,-26.80,-27.37,67.10,73.90,5.80,6.20,30.90,110.30,764.60,2.38,2.34,999.00,999.00,999.00,-5.71,-6.53,9415.00,-9.05,-5.14,999.00,-15.40,999.00,0.00,0.00,4.80,-27.27,-27.10,-28.27,-28.05,6.89,7.42,0.54,0.57,-28.41
1,2020,83.0833,0.40,0.00,29.60,-27.76,-27.60,-26.80,-27.37,67.10,73.90,5.80,6.20,30.90,110.30,764.60,2.38,2.34,999.00,999.00,999.00,-5.71,-6.53,9415.00,-9.05,-5.14,999.00,-15.40,999.00,0.00,0.00,4.80,-27.27,-27.10,-28.27,-28.05,6.89,7.42,0.54,0.57,-28.41
1,2020,83.0833,0.40,0.00,29.60,-27.76,-27.60,-26.80,-27.37,67.10,73.90,5.80,6.20,30.90,110.30,764.60,2.38,2.34,999.00,999.00,999.00,-5.71,-6.53,9415.00,-9.05,-5.14,999.00,-15.40,999.00,0.00,0.00,4.80,-27.27,-27.10,-28.27,-28.05,6.89,7.42,0.54,0.57,-28.41
1,2020,83.0833,0.40,0.00,29.60,-27.76,-27.60,-26.80,-27.37,67.10,73.90,5.80,6.20,30.90,110.30,764.60,2.38,2.34,999.00,999.00,999.00,-5.71,-6.53,9415.00,-9.05,-5.14,999.00,-15.40,999.00,0.00,0.00,4.80,-27.27,-27.10,-28.27,-28.05,6.89,7.42,0.54,0.57,-28.41
1,2020,83.0833,0.40,0.00,29.60,-27.76,-27.60,-26.80,-27.37,67.10,73.90,5.80,6.20,30.90,110.30,764.60,2.38,2.34,999.00,999.00,999.00,-5.71,-6.53,9415.00,-9.05,-5.14,999.00,-15.40,999.00,0.00,0.00,4.80,-27.27,-27.10,-28.27,-28.05,6.89,7.42,0.54,0.57,-28.41
1,2020,83.1250,0.40,0.00,28.96,-27.98,-27.79,-26.84,-27.55,62.50,69.10,5.60,6.10,38.80,112.70,766.60,2.38,2.34,999.00,999.00,999.00,-5.73,-6.56,9440.00,-9.08,-5.18,999.00,-15.41,999.00,0.00,0.00,6.40,-27.40,-27.22,-28.76,-28.61,6.90,7.29,0.52,0.56,-29.03
1,2020,83.1667,0.20,0.00,29.52,-28.70,-28.53,-27.45,-28.26,62.70,69.30,5.90,6.30,31.60,112.30,767.20,2.38,2.34,999.00,999.00,999.00,-5.73,-6.55,9433.00,-9.07,-5.17,999.00,-15.40,999.00,0.00,0.00,5.60,-27.51,-27.31,-29.39,-29.22,7.41,7.87,0.48,0.50,-29.38
1,2020,83.2083,0.20,0.00,28.00,-29.83,-29.66,-28.74,-29.42,64.70,71.40,6.00,6.50,27.40,113.80,767.80,2.39,2.35,999.00,999.00,999.00,-5.72,-6.55,9425.00,-9.06,-5.15,999.00,-15.39,999.00,0.00,0.00,5.60,-28.99,-28.81,-30.33,-30.18,7.44,8.11,0.45,0.48,-30.25
1,2020,83.2083,0.20,0.00,28.00,-29.83,-29.66,-28.74,-29.42,64.70,71.40,6.00,6.50,27.40,113.80,767.80,2.39,2.35,999.00,999.00,999.00,-5.72,-6.55,9425.00,-9.06,-5.15,999.00,-15.39,999.00,0.00,0.00,5.60,-28.99,-28.81,-30.33,-30.18,7.44,8.11,0.45,0.48,-30.25
1,2020,83.2083,0.20,0.00,28.00,-29.83,-29.66,-28.74,-29.42,64.70,71.40,6.00,6.50,27.40,113.80,767.80,2.39,2.35,999.00,999.00,999.00,-5.72,-6.55,9425.00,-9.06,-5.15,999.00,-15.39,999.00,0.00,0.00,5.60,-28.99,-28.81,-30.33,-30.18,7.44,8.11,0.45,0.48,-30.25
1,2020,83.2083,0.20,0.00,28.00,-29.83,-29.66,-28.74,-29.42,64.70,71.40,6.00,6.50,27.40,113.80,767.80,2.39,2.35,999.00,999.00,999.00,-5.72,-6.55,9425.00,-9.06,-5.15,999.00,-15.39,999.00,0.00,0.00,5.60,-28.99,-28.81,-30.33,-30.18,7.44,8.11,0.45,0.48,-30.25
1,2020,83.2083,0.20,0.00,28.00,-29.83,-29.66,-28.74,-29.42,64.70,71.40,6.00,6.50,27.40,113.80,767.80,2.39,2.35,999.00,999.00,999.00,-5.72,-6.55,9425.00,-9.06,-5.15,999.00,-15.39,999.00,0.00,0.00,5.60,-28.99,-28.81,-30.33,-30.18,7.44,8.11,0.45,0.48,-30.25
1,2020,83.2083,0.20,0.00,28.00,-29.83,-29.66,-28.74,-29.42,64.70,71.40,6.00,6.50,27.40,113.80,767.80,2.39,2.35,999.00,999.00,999.00,-5.72,-6.55,9425.00,-9.06,-5.15,999.00,-15.39,999.00,0.00,0.00,5.60,-28.99,-28.81,-30.33,-30.18,7.44,8.11,0.45,0.48,-30.25
1,2020,83.2083,0.20,0.00,28.00,-29.83,-29.66,-28.74,-29.42,64.70,71.40,6.00,6.50,27.40,113.80,767.80,2.39,2.35,999.00,999.00,999.00,-5.72,-6.55,9425.00,-9.06,-5.15,999.00,-15.39,999.00,0.00,0.00,5.60,-28.99,-28.81,-30.33,-30.18,7.44,8.11,0.45,0.48,-30.25
1,2020,83.2083,0.20,0.00,28.00,-29.83,-29.66,-28.74,-29.42,64.70,71.40,6.00,6.50,27.40,113.80,767.80,2.39,2.35,999.00,999.00,999.00,-5.72,-6.55,9425.00,-9.06,-5.15,999.00,-15.39,999.00,0.00,0.00,5.60,-28.99,-28.81,-30.33,-30.18,7.44,8.11,0.45,0.48,-30.25
1,2020,83.2083,0.20,0.00,28.00,-29.83,-29.66,-28.74,-29.42,64.70,71.40,6.00,6.50,27.40,113.80,767.80,2.39,2.35,999.00,999.00,999.00,-5.72,-6.55,9425.00,-9.06,-5.15,999.00,-15.39,999.00,0.00,0.00,5.60,-28.99,-28.81,-30.33,-30.18,7.44,8.11,0.45,0.48,-30.25
1,2020,83.2083,0.20,0.00,28.00,-29.83,-29.66,-28.74,-29.42,64.70,71.40,6.00,6.50,27.40,113.80,767.80,2.39,2.35,999.00,999.00,999.00,-5.72,-6.55,9425.00,-9.06,-5.15,999.00,-15.39,999.00,0.00,0.00,5.60,-28.99,-28.81,-30.33,-30.18,7.44,8.11,0.45,0.48,-30.25
1,2020,83.2083,0.20,0.00,28.00,-29.83,-29.66,-28.74,-29.42,64.70,71.40,6.00,6.50,27.40,113.80,767.80,2.39,2.35,999.00,999.00,999.00,-5.72,-6.55,9425.00,-9.06,-5.15,999.00,-15.39,999.00,0.00,0.00,5.60,-28.99,-28.81,-30.33,-30.18,7.44,8.11,0.45,0.48,-30.25
1,2020,83.2500,0.20,0.00,27.76,-30.20,-30.04,-29.12,-29.78,65.10,71.70,6.20,6.70,33.20,114.70,769.40,2.39,2.35,999.00,999.00,999.00,-5.74,-6.57,9455.00,-9.10,-5.20,999.00,-15.40,999.00,0.00,0.00,6.40,-29.30,-29.15,-31.00,-30.84,7.19,7.75,0.46,0.48,-30.97
1,2020,83.2917,0.20,0.00,26.72,-30.88,-30.74,-29.90,-30.51,69.20,76.00,6.50,7.00,34.30,111.70,770.40,2.39,2.35,999.00,999.00,999.00,-5.75,-6.58,9465.00,-9.11,-5.20,999.00,-15.41,999.00,0.00,0.00,4.00,-30.56,-30.41,-31.16,-31.01,7.43,7.95,0.36,0.38,-31.57
1,2020,83.3333,0.20,0.00,26.32,-30.88,-30.74,-29.89,-30.51,72.30,79.30,6.30,6.80,26.30,111.70,771.20,2.39,2.35,999.00,999.00,999.00,-5.78,-6.61,9492.00,-9.14,-5.24,999.00,-15.42,999.00,0.00,0.00,4.00,-30.63,-30.49,-31.18,-31.05,7.68,8.23,0.43,0.46,-31.87
1,2020,83.3333,0.20,0.00,26.32,-30.88,-30.74,-29.89,-30.51,72.30,79.30,6.30,6.80,26.30,111.70,771.20,2.39,2.35,999.00,999.00,999.00,-5.78,-6.61,9492.00,-9.14,-5.24,999.00,-15.42,999.00,0.00,0.00,4.00,-30.63,-30.49,-31.18,-31.05,7.68,8.23,0.43,0.46,-31.87
1,2020,83.3333,0.20,0.00,26.32,-30.88,-30.74,-29.89,-30.51,72.30,79.30,6.30,6.80,26.30,111.70,771.20,2.39,2.35,999.00,999.00,999.00,-5.78,-6.61,9492.00,-9.14,-5.24,999.00,-15.42,999.00,0.00,0.00,4.00,-30.63,-30.49,-31.18,-31.05,7.68,8.23,0.43,0.46,-31.87
1,2020,83.3333,0.20,0.00,26.32,-30.88,-30.74,-29.89,-30.51,72.30,79.30,6.30,6.80,26.30,111.70,771.20,2.39,2.35,999.00,999.00,999.00,-5.78,-6.61,9492.00,-9.14,-5.24,999.00,-15.42,999.00,0.00,0.00,4.00,-30.63,-30.49,-31.18,-31.05,7.68,8.23,0.43,0.46,-31.87
1,2020,83.3333,0.20,0.00,26.32,-30.88,-30.74,-29.89,-30.51,72.30,79.30,6.30,6.80,26.30,111.70,771.20,2.39,2.35,999.00,999.00,999.00,-5.78,-6.61,9492.00,-9.14,-5.24,999.00,-15.42,999.00,0.00,0.00,4.00,-30.63,-30.49,-31.18,-31.05,7.68,8.23,0.43,0.46,-31.87
1,2020,83.3333,0.20,0.00,26.32,-30.88,-30.74,-29.89,-30.51,72.30,79.30,6.30,6.80,26.30,111.70,771.20,2.39,2.35,999.00,999.00,999.00,-5.78,-6.61,9492.00,-9.14,-5.24,999.00,-15.42,999.00,0.00,0.00,4.00,-30.63,-30.49,-31.18,-31.05,7.68,8.23,0.43,0.46,-31.87
1,2020,83.3333,0.20,0.00,26.32,-30.88,-30.74,-29.89,-30.51,72.30,79.30,6.30,6.80,26.30,111.70,771.20,2.39,2.35,999.00,999.00,999.00,-5.78,-6.61,9492.00,-9.14,-5.24,999.00,-15.42,999.00,0.00,0.00,4.00,-30.63,-30.49,-31.18,-31.05,7.68,8.23,0.43,0.46,-31.87
1,2020,83.3333,0.20,0.00,26.32,-30.88,-30.74,-29.89,-30.51,72.30,79.30,6.30,6.80,26.30,111.70,771.20,2.39,2.35,999.00,999.00,999.00,-5.78,-6.61,9492.00,-9.14,-5.24,999.00,-15.42,999.00,0.00,0.00,4.00,-30.63,-30.49,-31.18,-31.05,7.68,8.23,0.43,0.46,-31.87
1,2020,83.3333,0.20,0.00,26.32,-30.88,-30.74,-29.89,-30.51,72.30,79.30,6.30,6.80,26.30,111.70,771.20,2.39,2.35,999.00,999.00,999.00,-5.78,-6.61,9492.00,-9.14,-5.24,999.00,-15.42,999.00,0.00,0.00,4.00,-30.63,-30.49,-31.18,-31.05,7.68,8.23,0.43,0.46,-31.87
1,2020,83.3333,0.20,0.00,26.32,-30.88,-30.74,-29.89,-30.51,72.30,79.30,6.30,6.80,26.30,111.70,771.20,2.39,2.35,999.00,999.00,999.00,-5.78,-6.61,9492.00,-9.14,-5.24,999.00,-15.42,999.00,0.00,0.00,4.00,-30.63,-30.49,-31.18,-31.05,7.68,8.23,0.43,0.46,-31.87
1,2020,83.3750,0.80,0.50,26.32,-30.79,-30.65,-29.79,-30.42,74.80,81.90,6.80,7.30,37.50,112.10,771.60,2.39,2.35,999.00,999.00,999.00,-5.78,-6.62,9505.00,-9.16,-5.26,999.00,-15.42,999.00,4.00,0.72,3.20,-30.33,-30.20,-31.07,-30.90,8.14,8.59,0.41,0.41,-31.88
1,2020,83.4167,21.60,11.00,49.28,-30.86,-30.75,-29.83,-30.41,75.80,82.70,7.60,8.10,23.50,109.50,771.30,2.39,2.35,999.00,999.00,999.00,-5.78,-6.62,9500.00,-9.15,-5.26,999.00,-15.42,999.00,56.00,5.75,21.60,-30.52,-30.43,-31.12,-31.00,9.00,9.76,0.47,0.47,-31.68
1,2020,83.4583,97.60,55.87,105.12,-30.20,-30.09,-28.88,-29.59,76.10,83.10,7.90,8.40,23.00,113.30,770.40,2.39,2.35,999.00,999.00,999.00,-5.76,-6.60,9493.00,-9.15,-5.28,999.00,-15.45,999.00,140.00,8.63,10.40,-29.59,-29.51,-30.79,-30.66,8.92,9.42,0.39,0.39,-30.89
1,2020,83.4583,97.60,55.87,105.12,-30.20,-30.09,-28.88,-29.59,76.10,83.10,7.90,8.40,23.00,113.30,770.40,2.39,2.35,999.00,999.00,999.00,-5.76,-6.60,9493.00,-9.15,-5.28,999.00,-15.45,999.00,140.00,8.63,10.40,-29.59,-29.51,-30.79,-30.66,8.92,9.42,0.39,0.39,-30.89
1,2020,83.4583,97.60,55.87,105.12,-30.20,-30.09,-28.88,-29.59,76.10,83.10,7.90,8.40,23.00,113.30,770.40,2.39,2.35,999.00,999.00,999.00,-5.76,-6.60,9493.00,-9.15,-5.28,999.00,-15.45,999.00,140.00,8.63,10.40,-29.59,-29.51,-30.79,-30.66,8.92,9.42,0.39,0.39,-30.89
1,2020,83.4583,97.60,55.87,105.12,-30.20,-30.09,-28.88,-29.59,76.10,83.10,7.90,8.40,23.00,113.30,770.40,2.39,2.35,999.00,999.00,999.00,-5.76,-6.60,9493.00,-9.15,-5.28,999.00,-15.45,999.00,140.00,8.63,10.40,-29.59,-29.51,-30.79,-30.66,8.92,9.42,0.39,0.39,-30.89
1,2020,83.4583,97.60,55.87,105.12,-30.20,-30.09,-28.88,-29.59,76.10,83.10,7.90,8.40,23.00,113.30,770.40,2.39,2.35,999.00,999.00,999.00,-5.76,-6.60,9493.00,-9.15,-5.28,999.00,-15.45,999.00,140.00,8.63,10.40,-29.59,-29.51,-30.79,-30.66,8.92,9.42,0.39,0.39,-30.89
1,2020,83.4583,97.60,55.87,105.12,-30.20,-30.09,-28.88,-29.59,76.10,83.10,7.90,8.40,23.00,113.30,770.40,2.39,2.35,999.00,999.00,999.00,-5.76,-6.60,9493.00,-9.15,-5.28,999.00,-15.45,999.00,140.00,8.63,10.40,-29.59,-29.51,-30.79,-30.66,8.92,9.42,0.39,0.39,-30.89
1,2020,83.4583,97.60,55.87,105.12,-30.20,-30.09,-28.88,-29.59,76.10,83.10,7.90,8.40,23.00,113.30,770.40,2.39,2.35,999.00,999.00,999.00,-5.76,-6.60,9493.00,-9.15,-5.28,999.00,-15.45,999.00,140.00,8.63,10.40,-29.59,-29.51,-30.79,-30.66,8.92,9.42,0.39,0.39,-30.89
1,2020,83.4583,97.60,55.87,105.12,-30.20,-30.09,-28.88,-29.59,76.10,83.10,7.90,8.40,23.00,113.30,770.40,2.39,2.35,999.00,999.00,999.00,-5.76,-6.60,9493.00,-9.15,-5.28,999.00,-15.45,999.00,140.00,8.63,10.40,-29.59,-29.51,-30.79,-30.66,8.92,9.42,0.39,0.39,-30.89
1,2020,83.4583,97.60,55.87,105.12,-30.20,-30.09,-28.88,-29.59,76.10,83.10,7.90,8.40,23.00,113.30,770.40,2.39,2.35,999.00,999.00,999.00,-5.76,-6.60,9493.00,-9.15,-5.28,999.00,-15.45,999.00,140.00,8.63,10.40,-29.59,-29.51,-30.79,-30.66,8.92,9.42,0.39,0.39,-30.89
1,2020,83.4583,97.60,55.87,105.12,-30.20,-30.09,-28.88,-29.59,76.10,83.10,7.90,8.40,23.00,113.30,770.40,2.39,2.35,999.00,999.00,999.00,-5.76,-6.60,9493.00,-9.15,-5.28,999.00,-15.45,999.00,140.00,8.63,10.40,-29.59,-29.51,-30.79,-30.66,8.92,9.42,0.39,0.39,-30.89
1,2020,83.5000,183.20,139.49,131.52,-29.27,-29.20,-27.79,-28.63,76.10,83.60,7.30,7.70,42.10,109.30,769.70,2.39,2.35,999.00,999.00,999.00,-5.75,-6.59,9480.00,-9.14,-5.27,999.00,-15.43,999.00,224.00,8.63,5.60,-28.68,-28.62,-29.75,-29.64,8.79,9.11,0.60,0.62,-29.41
1,2020,83.5417,262.40,213.54,145.84,-28.18,-28.12,-26.89,-27.46,74.90,82.60,6.00,6.40,27.70,111.60,768.50,2.38,2.34,999.00,999.00,999.00,-5.73,-6.58,9475.00,-9.14,-5.28,999.00,-15.40,999.00,336.00,9.35,6.40,-27.31,-27.29,-28.89,-28.83,8.28,8.52,0.86,0.91,-27.96
1,2020,83.5833,259.00,243.74,66.64,-26.10,-26.08,-26.81,-25.48,78.30,85.90,6.10,6.40,41.20,113.90,767.50,2.37,2.33,999.00,999.00,999.00,-5.76,-6.61,9512.00,-9.19,-5.34,999.00,-15.36,999.00,456.00,18.69,38.40,-24.17,-24.13,-27.45,-27.40,7.57,7.94,0.56,0.59,-25.96
1,2020,83.5833,259.00,243.74,66.64,-26.10,-26.08,-26.81,-25.48,78.30,85.90,6.10,6.40,41.20,113.90,767.50,2.37,2.33,999.00,999.00,999.00,-5.76,-6.61,9512.00,-9.19,-5.34,999.00,-15.36,999.00,456.00,18.69,38.40,-24.17,-24.13,-27.45,-27.40,7.57,7.94,0.56,0.59,-25.96
1,2020,83.5833,259.00,243.74,66.64,-26.10,-26.08,-26.81,-25.48,78.30,85.90,6.10,6.40,41.20,113.90,767.50,2.37,2.33,999.00,999.00,999.00,-5.76,-6.61,9512.00,-9.19,-5.34,999.00,-15.36,999.00,456.00,18.69,38.40,-24.17,-24.13,-27.45,-27.40,7.57,7.94,0.56,0.59,-25.96
1,2020,83.5833,259.00,243.74,66.64,-26.10,-26.08,-26.81,-25.48,78.30,85.90,6.10,6.40,41.20,113.90,767.50,2.37,2.33,999.00,999.00,999.00,-5.76,-6.61,9512.00,-9.19,-5.34,999.00,-15.36,999.00,456.00,18.69,38.40,-24.17,-24.13,-27.45,-27.40,7.57,7.94,0.56,0.59,-25.96
1,2020,83.5833,259.00,243.74,66.64,-26.10,-26.08,-26.81,-25.48,78.30,85.90,6.10,6.40,41.20,113.90,767.50,2.37,2.33,999.00,999.00,999.00,-5.76,-6.61,9512.00,-9.19,-5.34,999.00,-15.36,999.00,456.00,18.69,38.40,-24.17,-24.13,-27.45,-27.40,7.57,7.94,0.56,0.59,-25.96
1,2020,83.5833,259.00,243.74,66.64,-26.10,-26.08,-26.81,-25.48,78.30,85.90,6.10,6.40,41.20,113.90,767.50,2.37,2.33,999.00,999.00,999.00,-5.76,-6.61,9512.00,-9.19,-5.34,999.00,-15.36,999.00,456.00,18.69,38.40,-24.17,-24.13,-27.45,-27.40,7.57,7.94,0.56,0.59,-25.96
1,2020,83.5833,259.00,243.74,66.64,-26.10,-26.08,-26.81,-25.48,78.30,85.90,6.10,6.40,41.20,113.90,767.50,2.37,2.33,999.00,999.00,999.00,-5.76,-6.61,9512.00,-9.19,-5.34,999.00,-15.36,999.00,456.00,18.69,38.40,-24.17,-24.13,-27.45,-27.40,7.57,7.94,0.56,0.59,-25.96
1,2020,83.5833,259.00,243.74,66.64,-26.10,-26.08,-26.81,-25.48,78.30,85.90,6.10,6.40,41.20,113.90,767.50,2.37,2.33,999.00,999.00,999.00,-5.76,-6.61,9512.00,-9.19,-5.34,999.00,-15.36,999.00,456.00,18.69,38.40,-24.17,-24.13,-27.45,-27.40,7.57,7.94,0.56,0.59,-25.96
1,2020,83.5833,259.00,243.74,66.64,-26.10,-26.08,-26.81,-25.48,78.30,85.90,6.10,6.40,41.20,113.90,767.50,2.37,2.33,999.00,999.00,999.00,-5.76,-6.61,9512.00,-9.19,-5.34,999.00,-15.36,999.00,456.00,18.69,38.40,-24.17,-24.13,-27.45,-27.40,7.57,7.94,0.56,0.59,-25.96
1,2020,83.5833,259.00,243.74,66.64,-26.10,-26.08,-26.81,-25.48,78.30,85.90,6.10,6.40,41.20,113.90,767.50,2.37,2.33,999.00,999.00,999.00,-5.76,-6.61,9512.00,-9.19,-5.34,999.00,-15.36,999.00,456.00,18.69,38.40,-24.17,-24.13,-27.45,-27.40,7.57,7.94,0.56,0.59,-25.96
1,2020,83.6250,257.20,253.09,44.96,-23.59,-23.56,-26.81,-22.87,82.30,89.70,6.70,7.10,55.20,128.00,765.40,2.36,2.32,999.00,999.00,999.00,-5.74,-6.61,9503.00,-9.18,-5.33,999.00,-15.34,999.00,284.00,5.03,4.80,-22.96,-22.93,-24.39,-24.33,8.48,8.92,0.84,0.88,-23.57
1,2020,83.6667,309.60,301.62,63.52,-22.60,-22.59,-26.81,-21.77,83.00,90.60,6.60,6.90,42.60,123.90,763.50,2.35,2.32,999.00,999.00,999.00,-5.71,-6.57,9458.00,-9.12,-5.26,999.00,-15.30,999.00,350.00,7.19,6.40,-22.15,-22.14,-23.06,-23.06,8.29,8.83,0.61,0.64,-21.73
1,2020,83.7083,270.40,266.32,48.48,-21.83,-21.82,-26.81,-21.11,83.70,91.00,6.90,7.30,61.30,130.50,760.30,2.35,2.31,999.00,999.00,999.00,-5.68,-6.52,9402.00,-9.05,-5.17,999.00,-15.28,999.00,314.00,6.47,9.60,-21.28,-21.27,-22.29,-22.28,8.64,8.98,0.67,0.70,-20.61
1,2020,83.7083,270.40,266.32,48.48,-21.83,-21.82,-26.81,-21.11,83.70,91.00,6.90,7.30,61.30,130.50,760.30,2.35,2.31,999.00,999.00,999.00,-5.68,-6.52,9402.00,-9.05,-5.17,999.00,-15.28,999.00,314.00,6.47,9.60,-21.28,-21.27,-22.29,-22.28,8.64,8.98,0.67,0.70,-20.61
1,2020,83.7083,270.40,266.32,48.48,-21.83,-21.82,-26.81,-21.11,83.70,91.00,6.90,7.30,61.30,130.50,760.30,2.35,2.31,999.00,999.00,999.00,-5.68,-6.52,9402.00,-9.05,-5.17,999.00,-15.28,999.00,314.00,6.47,9.60,-21.28,-21.27,-22.29,-22.28,8.64,8.98,0.67,0.70,-20.61
1,2020,83.7083,270.40,266.32,48.48,-21.83,-21.82,-26.81,-21.11,83.70,91.00,6.90,7.30,61.30,130.50,760.30,2.35,2.31,999.00,999.00,999.00,-5.68,-6.52,9402.00,-9.05,-5.17,999.00,-15.28,999.00,314.00,6.47,9.60,-21.28,-21.27,-22.29,-22.28,8.64,8.98,0.67,0.70,-20.61
1,2020,83.7083,270.40,266.32,48.48,-21.83,-21.82,-26.81,-21.11,83.70,91.00,6.90,7.30,61.30,130.50,760.30,2.35,2.31,999.00,999.00,999.00,-5.68,-6.52,9402.00,-9.05,-5.17,999.00,-15.28,999.00,314.00,6.47,9.60,-21.28,-21.27,-22.29,-22.28,8.64,8.98,0.67,0.70,-20.61
1,2020,83.7083,270.40,266.32,48.48,-21.83,-21.82,-26.81,-21.11,83.70,91.00,6.90,7.30,61.30,130.50,760.30,2.35,2.31,999.00,999.00,999.00,-5.68,-6.52,9402.00,-9.05,-5.17,999.00,-15.28,999.00,314.00,6.47,9.60,-21.28,-21.27,-22.29,-22.28,8.64,8.98,0.67,0.70,-20.61
1,2020,83.7083,270.40,266.32,48.48,-21.83,-21.82,-26.81,-21.11,83.70,91.00,6.90,7.30,61.30,130.50,760.30,2.35,2.31,999.00,999.00,999.00,-5.68,-6.52,9402.00,-9.05,-5.17,999.00,-15.28,999.00,314.00,6.47,9.60,-21.28,-21.27,-22.29,-22.28,8.64,8.98,0.67,0.70,-20.61
1,2020,83.7083,270.40,266.32,48.48,-21.83,-21.82,-26.81,-21.11,83.70,91.00,6.90,7.30,61.30,130.50,760.30,2.35,2.31,999.00,999.00,999.00,-5.68,-6.52,9402.00,-9.05,-5.17,999.00,-15.28,999.00,314.00,6.47,9.60,-21.28,-21.27,-22.29,-22.28,8.64,8.98,0.67,0.70,-20.61
1,2020,83.7083,270.40,266.32,48.48,-21.83,-21.82,-26.81,-21.11,83.70,91.00,6.90,7.30,61.30,130.50,760.30,2.35,2.31,999.00,999.00,999.00,-5.68,-6.52,9402.00,-9.05,-5.17,999.00,-15.28,999.00,314.00,6.47,9.60,-21.28,-21.27,-22.29,-22.28,8.64,8.98,0.67,0.70,-20.61
1,2020,83.7083,270.40,266.32,48.48,-21.83,-21.82,-26.81,-21.11,83.70,91.00,6.90,7.30,61.30,130.50,760.30,2.35,2.31,999.00,999.00,999.00,-5.68,-6.52,9402.00,-9.05,-5.17,999.00,-15.28,999.00,314.00,6.47,9.60,-21.28,-21.27,-22.29,-22.28,8.64,8.98,0.67,0.70,-20.61
1,2020,83.7500,228.20,225.98,37.84,-21.18,-21.17,-26.82,-20.52,84.50,91.90,6.90,7.30,77.50,136.90,759.50,2.34,2.31,999.00,999.00,999.00,-5.67,-6.51,9395.00,-9.05,-5.15,999.00,-15.27,999.00,270.00,7.91,4.00,-20.95,-20.91,-21.43,-21.42,8.61,9.01,0.58,0.61,-20.16
1,2020,83.7917,166.60,163.79,31.76,-20.88,-20.86,-26.82,-20.27,85.90,93.40,5.70,6.00,86.60,138.40,759.00,2.34,2.31,999.00,999.00,999.00,-5.67,-6.51,9385.00,-9.03,-5.13,999.00,-15.27,999.00,200.00,5.03,3.20,-20.54,-20.53,-21.18,-21.16,7.39,7.78,0.66,0.69,-19.94
1,2020,83.8333,111.60,108.57,22.40,-20.53,-20.52,-26.82,-20.02,86.90,94.50,5.20,5.50,87.10,141.10,758.90,2.34,2.31,999.00,999.00,999.00,-5.67,-6.50,9384.00,-9.03,-5.13,999.00,-15.26,999.00,156.00,9.35,4.80,-20.37,-20.35,-20.74,-20.72,6.08,6.32,0.34,0.34,-19.77
1,2020,83.8333,111.60,108.57,22.40,-20.53,-20.52,-26.82,-20.02,86.90,94.50,5.20,5.50,87.10,141.10,758.90,2.34,2.31,999.00,999.00,999.00,-5.67,-6.50,9384.00,-9.03,-5.13,999.00,-15.26,999.00,156.00,9.35,4.80,-20.37,-20.35,-20.74,-20.72,6.08,6.32,0.34,0.34,-19.77
1,2020,83.8333,111.60,108.57,22.40,-20.53,-20.52,-26.82,-20.02,86.90,94.50,5.20,5.50,87.10,141.10,758.90,2.34,2.31,999.00,999.00,999.00,-5.67,-6.50,9384.00,-9.03,-5.13,999.00,-15.26,999.00,156.00,9.35,4.80,-20.37,-20.35,-20.74,-20.72,6.08,6.32,0.34,0.34,-19.77
1,2020,83.8333,111.60,108.57,22.40,-20.53,-20.52,-26.82,-20.02,86.90,94.50,5.20,5.50,87.10,141.10,758.90,2.34,2.31,999.00,999.00,999.00,-5.67,-6.50,9384.00,-9.03,-5.13,999.00,-15.26,999.00,156.00,9.35,4.80,-20.37,-20.35,-20.74,-20.72,6.08,6.32,0.34,0.34,-19.77
1,2020,83.8333,111.60,108.57,22.40,-20.53,-20.52,-26.82,-20.02,86.90,94.50,5.20,5.50,87.10,141.10,758.90,2.34,2.31,999.00,999.00,999.00,-5.67,-6.50,9384.00,-9.03,-5.13,999.00,-15.26,999.00,156.00,9.35,4.80,-20.37,-20.35,-20.74,-20.72,6.08,6.32,0.34,0.34,-19.77
1,2020,83.8333,111.60,108.57,22.40,-20.53,-20.52,-26.82,-20.02,86.90,94.50,5.20,5.50,87.10,141.10,758.90,2.34,2.31,999.00,999.00,999.00,-5.67,-6.50,9384.00,-9.03,-5.13,999.00,-15.26,999.00,156.00,9.35,4.80,-20.37,-20.35,-20.74,-20.72,6.08,6.32,0.34,0.34,-19.77
1,2020,83.8333,111.60,108.57,22.40,-20.53,-20.52,-26.82,-20.02,86.90,94.50,5.20,5.50,87.10,141.10,758.90,2.34,2.31,999.00,999.00,999.00,-5.67,-6.50,9384.00,-9.03,-5.13,999.00,-15.26,999.00,156.00,9.35,4.80,-20.37,-20.35,-20.74,-20.72,6.08,6.32,0.34,0.34,-19.77
1,2020,83.8333,111.60,108.57,22.40,-20.53,-20.52,-26.82,-20.02,86.90,94.50,5.20,5.50,87.10,141.10,758.90,2.34,2.31,999.00,999.00,999.00,-5.67,-6.50,9384.00,-9.03,-5.13,999.00,-15.26,999.00,156.00,9.35,4.80,-20.37,-20.35,-20.74,-20.72,6.08,6.32,0.34,0.34,-19.77
1,2020,83.8333,111.60,108.57,22.40,-20.53,-20.52,-26.82,-20.02,86.90,94.50,5.20,5.50,87.10,141.10,758.90,2.34,2.31,999.00,999.00,999.00,-5.67,-6.50,9384.00,-9.03,-5.13,999.00,-15.26,999.00,156.00,9.35,4.80,-20.37,-20.35,-20.74,-20.72,6.08,6.32,0.34,0.34,-19.77
1,2020,83.8333,111.60,108.57,22.40,-20.53,-20.52,-26.82,-20.02,86.90,94.50,5.20,5.50,87.10,141.10,758.90,2.34,2.31,999.00,999.00,999.00,-5.67,-6.50,9384.00,-9.03,-5.13,999.00,-15.26,999.00,156.00,9.35,4.80,-20.37,-20.35,-20.74,-20.72,6.08,6.32,0.34,0.34,-19.77
1,2020,83.8333,111.60,108.57,22.40,-20.53,-20.52,-26.82,-20.02,86.90,94.50,5.20,5.50,87.10,141.10,758.90,2.34,2.31,999.00,999.00,999.00,-5.67,-6.50,9384.00,-9.03,-5.13,999.00,-15.26,999.00,156.00,9.35,4.80,-20.37,-20.35,-20.74,-20.72,6.08,6.32,0.34,0.34,-19.77
1,2020,83.8750,50.40,48.53,12.32,-20.31,-20.29,-26.83,-19.90,88.40,96.00,4.70,5.00,110.00,146.30,760.40,2.34,2.30,999.00,999.00,999.00,-5.66,-6.50,9382.00,-9.03,-5.12,999.00,-15.25,999.00,82.00,5.03,4.00,-19.99,-19.97,-20.55,-20.55,5.67,5.99,0.48,0.50,-19.92
1,2020,83.9167,13.40,12.58,5.04,-20.28,-20.26,-26.83,-19.94,89.30,96.70,4.50,4.80,121.80,151.60,760.20,2.34,2.30,999.00,999.00,999.00,-5.67,-6.50,9381.00,-9.03,-5.12,999.00,-15.25,999.00,28.00,2.16,2.40,-20.06,-20.03,-20.54,-20.51,5.75,6.15,0.42,0.43,-20.08
1,2020,83.9583,1.20,0.65,5.04,-20.75,-20.72,-26.82,-20.38,88.90,96.30,4.00,4.30,97.90,143.40,760.70,2.34,2.30,999.00,999.00,999.00,-5.66,-6.49,9374.00,-9.02,-5.10,999.00,-15.24,999.00,4.00,0.00,2.40,-20.33,-20.30,-21.74,-21.72,5.51,5.76,0.49,0.49,-20.45
1,2020,83.9583,1.20,0.65,5.04,-20.75,-20.72,-26.82,-20.38,88.90,96.30,4.00,4.30,97.90,143.40,760.70,2.34,2.30,999.00,999.00,999.00,-5.66,-6.49,9374.00,-9.02,-5.10,999.00,-15.24,999.00,4.00,0.00,2.40,-20.33,-20.30,-21.74,-21.72,5.51,5.76,0.49,0.49,-20.45
1,2020,83.9583,1.20,0.65,5.04,-20.75,-20.72,-26.82,-20.38,88.90,96.30,4.00,4.30,97.90,143.40,760.70,2.34,2.30,999.00,999.00,999.00,-5.66,-6.49,9374.00,-9.02,-5.10,999.00,-15.24,999.00,4.00,0.00,2.40,-20.33,-20.30,-21.74,-21.72,5.51,5.76,0.49,0.49,-20.45
1,2020,83.9583,1.20,0.65,5.04,-20.75,-20.72,-26.82,-20.38,88.90,96.30,4.00,4.30,97.90,143.40,760.70,2.34,2.30,999.00,999.00,999.00,-5.66,-6.49,9374.00,-9.02,-5.10,999.00,-15.24,999.00,4.00,0.00,2.40,-20.33,-20.30,-21.74,-21.72,5.51,5.76,0.49,0.49,-20.45
1,2020,83.9583,1.20,0.65,5.04,-20.75,-20.72,-26.82,-20.38,88.90,96.30,4.00,4.30,97.90,143.40,760.70,2.34,2.30,999.00,999.00,999.00,-5.66,-6.49,9374.00,-9.02,-5.10,999.00,-15.24,999.00,4.00,0.00,2.40,-20.33,-20.30,-21.74,-21.72,5.51,5.76,0.49,0.49,-20.45
1,2020,83.9583,1.20,0.65,5.04,-20.75,-20.72,-26.82,-20.38,88.90,96.30,4.00,4.30,97.90,143.40,760.70,2.34,2.30,999.00,999.00,999.00,-5.66,-6.49,9374.00,-9.02,-5.10,999.00,-15.24,999.00,4.00,0.00,2.40,-20.33,-20.30,-21.74,-21.72,5.51,5.76,0.49,0.49,-20.45
1,2020,83.9583,1.20,0.65,5.04,-20.75,-20.72,-26.82,-20.38,88.90,96.30,4.00,4.30,97.90,143.40,760.70,2.34,2.30,999.00,999.00,999.00,-5.66,-6.49,9374.00,-9.02,-5.10,999.00,-15.24,999.00,4.00,0.00,2.40,-20.33,-20.30,-21.74,-21.72,5.51,5.76,0.49,0.49,-20.45
1,2020,83.9583,1.20,0.65,5.04,-20.75,-20.72,-26.82,-20.38,88.90,96.30,4.00,4.30,97.90,143.40,760.70,2.34,2.30,999.00,999.00,999.00,-5.66,-6.49,9374.00,-9.02,-5.10,999.00,-15.24,999.00,4.00,0.00,2.40,-20.33,-20.30,-21.74,-21.72,5.51,5.76,0.49,0.49,-20.45
1,2020,83.9583,1.20,0.65,5.04,-20.75,-20.72,-26.82,-20.38,88.90,96.30,4.00,4.30,97.90,143.40,760.70,2.34,2.30,999.00,999.00,999.00,-5.66,-6.49,9374.00,-9.02,-5.10,999.00,-15.24,999.00,4.00,0.00,2.40,-20.33,-20.30,-21.74,-21.72,5.51,5.76,0.49,0.49,-20.45
1,2020,83.9583,1.20,0.65,5.04,-20.75,-20.72,-26.82,-20.38,88.90,96.30,4.00,4.30,97.90,143.40,760.70,2.34,2.30,999.00,999.00,999.00,-5.66,-6.49,9374.00,-9.02,-5.10,999.00,-15.24,999.00,4.00,0.00,2.40,-20.33,-20.30,-21.74,-21.72,5.51,5.76,0.49,0.49,-20.45
1,2020,84.0000,0.60,0.00,6.56,-22.08,-22.08,-26.81,-21.75,87.60,95.10,6.20,6.60,42.20,122.00,761.10,2.35,2.31,999.00,999.00,999.00,-5.66,-6.48,9358.00,-9.00,-5.06,999.00,-15.24,999.00,0.00,0.00,3.20,-21.68,-21.67,-22.80,-22.82,7.30,7.63,0.50,0.51,-21.28
1,2020,84.0417,0.60,0.00,6.96,-23.20,-23.21,-26.81,-22.91,86.70,94.30,7.40,7.80,27.40,112.60,761.70,2.35,2.32,999.00,999.00,999.00,-5.67,-6.50,9370.00,-9.01,-5.07,999.00,-15.26,999.00,0.00,0.00,2.40,-22.61,-22.62,-23.68,-23.68,9.38,9.94,0.90,0.94,-22.40
1,2020,84.0833,0.60,0.00,13.60,-23.79,-23.79,-26.81,-23.52,86.30,93.90,8.20,8.70,28.10,113.10,761.80,2.36,2.32,999.00,999.00,999.00,-5.68,-6.51,9389.00,-9.03,-5.10,999.00,-15.27,999.00,0.00,0.00,4.80,-23.50,-23.49,-24.22,-24.20,9.77,10.33,0.56,0.58,-23.40
1,2020,84.0833,0.60,0.00,13.60,-23.79,-23.79,-26.81,-23.52,86.30,93.90,8.20,8.70,28.10,113.10,761.80,2.36,2.32,999.00,999.00,999.00,-5.68,-6.51,9389.00,-9.03,-5.10,999.00,-15.27,999.00,0.00,0.00,4.80,-23.50,-23.49,-24.22,-24.20,9.77,10.33,0.56,0.58,-23.40
1,2020,84.0833,0.60,0.00,13.60,-23.79,-23.79,-26.81,-23.52,86.30,93.90,8.20,8.70,28.10,113.10,761.80,2.36,2.32,999.00,999.00,999.00,-5.68,-6.51,9389.00,-9.03,-5.10,999.00,-15.27,999.00,0.00,0.00,4.80,-23.50,-23.49,-24.22,-24.20,9.77,10.33,0.56,0.58,-23.40
1,2020,84.0833,0.60,0.00,13.60,-23.79,-23.79,-26.81,-23.52,86.30,93.90,8.20,8.70,28.10,113.10,761.80,2.36,2.32,999.00,999.00,999.00,-5.68,-6.51,9389.00,-9.03,-5.10,999.00,-15.27,999.00,0.00,0.00,4.80,-23.50,-23.49,-24.22,-24.20,9.77,10.33,0.56,0.58,-23.40
1,2020,84.0833,0.60,0.00,13.60,-23.79,-23.79,-26.81,-23.52,86.30,93.90,8.20,8.70,28.10,113.10,761.80,2.36,2.32,999.00,999.00,999.00,-5.68,-6.51,9389.00,-9.03,-5.10,999.00,-15.27,999.00,0.00,0.00,4.80,-23.50,-23.49,-24.22,-24.20,9.77,10.33,0.56,0.58,-23.40
1,2020,84.0833,0.60,0.00,13.60,-23.79,-23.79,-26.81,-23.52,86.30,93.90,8.20,8.70,28.10,113.10,761.80,2.36,2.32,999.00,999.00,999.00,-5.68,-6.51,9389.00,-9.03,-5.10,999.00,-15.27,999.00,0.00,0.00,4.80,-23.50,-23.49,-24.22,-24.20,9.77,10.33,0.56,0.58,-23.40
1,2020,84.0833,0.60,0.00,13.60,-23.79,-23.79,-26.81,-23.52,86.30,93.90,8.20,8.70,28.10,113.10,761.80,2.36,2.32,999.00,999.00,999.00,-5.68,-6.51,9389.00,-9.03,-5.10,999.00,-15.27,999.00,0.00,0.00,4.80,-23.50,-23.49,-24.22,-24.20,9.77,10.33,0.56,0.58,-23.40
1,2020,84.0833,0.60,0.00,13.60,-23.79,-23.79,-26.81,-23.52,86.30,93.90,8.20,8.70,28.10,113.10,761.80,2.36,2.32,999.00,999.00,999.00,-5.68,-6.51,9389.00,-9.03,-5.10,999.00,-15.27,999.00,0.00,0.00,4.80,-23.50,-23.49,-24.22,-24.20,9.77,10.33,0.56,0.58,-23.40
1,2020,84.0833,0.60,0.00,13.60,-23.79,-23.79,-26.81,-23.52,86.30,93.90,8.20,8.70,28.10,113.10,761.80,2.36,2.32,999.00,999.00,999.00,-5.68,-6.51,9389.00,-9.03,-5.10,999.00,-15.27,999.00,0.00,0.00,4.80,-23.50,-23.49,-24.22,-24.20,9.77,10.33,0.56,0.58,-23.40
1,2020,84.0833,0.60,0.00,13.60,-23.79,-23.79,-26.81,-23.52,86.30,93.90,8.20,8.70,28.10,113.10,761.80,2.36,2.32,999.00,999.00,999.00,-5.68,-6.51,9389.00,-9.03,-5.10,999.00,-15.27,999.00,0.00,0.00,4.80,-23.50,-23.49,-24.22,-24.20,9.77,10.33,0.56,0.58,-23.40
1,2020,84.1250,0.60,0.00,13.20,-24.63,-24.62,-26.81,-24.34,85.20,93.00,8.30,8.80,32.70,112.00,763.60,2.36,2.32,999.00,999.00,999.00,-5.69,-6.53,9405.00,-9.05,-5.11,999.00,-15.28,999.00,0.00,0.00,3.20,-24.03,-24.00,-25.13,-25.14,9.74,10.36,0.60,0.63,-24.22
1,2020,84.1667,0.60,0.00,18.96,-25.83,-25.81,-26.81,-25.50,84.10,91.90,8.20,8.70,18.40,108.00,765.30,2.37,2.33,999.00,999.00,999.00,-5.70,-6.52,9399.00,-9.04,-5.10,999.00,-15.28,999.00,0.00,0.00,8.00,-24.91,-24.89,-27.06,-27.02,9.46,9.93,0.48,0.50,-25.08
1,2020,84.2083,0.40,0.00,24.88,-27.07,-27.03,-26.80,-26.78,83.20,91.00,9.10,9.60,32.40,109.20,765.00,2.37,2.33,999.00,999.00,999.00,-5.70,-6.53,9401.00,-9.04,-5.09,999.00,-15.30,999.00,0.00,0.00,4.00,-26.66,-26.64,-27.68,-27.64,11.10,11.71,0.84,0.87,-26.53
1,2020,84.2083,0.40,0.00,24.88,-27.07,-27.03,-26.80,-26.78,83.20,91.00,9.10,9.60,32.40,109.20,765.00,2.37,2.33,999.00,999.00,999.00,-5.70,-6.53,9401.00,-9.04,-5.09,999.00,-15.30,999.00,0.00,0.00,4.00,-26.66,-26.64,-27.68,-27.64,11.10,11.71,0.84,0.87,-26.53
1,2020,84.2083,0.40,0.00,24.88,-27.07,-27.03,-26.80,-26.78,83.20,91.00,9.10,9.60,32.40,109.20,765.00,2.37,2.33,999.00,999.00,999.00,-5.70,-6.53,9401.00,-9.04,-5.09,999.00,-15.30,999.00,0.00,0.00,4.00,-26.66,-26.64,-27.68,-27.64,11.10,11.71,0.84,0.87,-26.53
1,2020,84.2083,0.40,0.00,24.88,-27.07,-27.03,-26.80,-26.78,83.20,91.00,9.10,9.60,32.40,109.20,765.00,2.37,2.33,999.00,999.00,999.00,-5.70,-6.53,9401.00,-9.04,-5.09,999.00,-15.30,999.00,0.00,0.00,4.00,-26.66,-26.64,-27.68,-27.64,11.10,11.71,0.84,0.87,-26.53
1,2020,84.2083,0.40,0.00,24.88,-27.07,-27.03,-26.80,-26.78,83.20,91.00,9.10,9.60,32.40,109.20,765.00,2.37,2.33,999.00,999.00,999.00,-5.70,-6.53,9401.00,-9.04,-5.09,999.00,-15.30,999.00,0.00,0.00,4.00,-26.66,-26.64,-27.68,-27.64,11.10,11.71,0.84,0.87,-26.53
1,2020,84.2083,0.40,0.00,24.88,-27.07,-27.03,-26.80,-26.78,83.20,91.00,9.10,9.60,32.40,109.20,765.00,2.37,2.33,999.00,999.00,999.00,-5.70,-6.53,9401.00,-9.04,-5.09,999.00,-15.30,999.00,0.00,0.00,4.00,-26.66,-26.64,-27.68,-27.64,11.10,11.71,0.84,0.87,-26.53
1,2020,84.2083,0.40,0.00,24.88,-27.07,-27.03,-26.80,-26.78,83.20,91.00,9.10,9.60,32.40,109.20,765.00,2.37,2.33,999.00,999.00,999.00,-5.70,-6.53,9401.00,-9.04,-5.09,999.00,-15.30,999.00,0.00,0.00,4.00,-26.66,-26.64,-27.68,-27.64,11.10,11.71,0.84,0.87,-26.53
1,2020,84.2083,0.40,0.00,24.88,-27.07,-27.03,-26.80,-26.78,83.20,91.00,9.10,9.60,32.40,109.20,765.00,2.37,2.33,999.00,999.00,999.00,-5.70,-6.53,9401.00,-9.04,-5.09,999.00,-15.30,999.00,0.00,0.00,4.00,-26.66,-26.64,-27.68,-27.64,11.10,11.71,0.84,0.87,-26.53
1,2020,84.2083,0.40,0.00,24.88,-27.07,-27.03,-26.80,-26.78,83.20,91.00,9.10,9.60,32.40,109.20,765.00,2.37,2.33,999.00,999.00,999.00,-5.70,-6.53,9401.00,-9.04,-5.09,999.00,-15.30,999.00,0.00,0.00,4.00,-26.66,-26.64,-27.68,-27.64,11.10,11.71,0.84,0.87,-26.53
1,2020,84.2083,0.40,0.00,24.88,-27.07,-27.03,-26.80,-26.78,83.20,91.00,9.10,9.60,32.40,109.20,765.00,2.37,2.33,999.00,999.00,999.00,-5.70,-6.53,9401.00,-9.04,-5.09,999.00,-15.30,999.00,0.00,0.00,4.00,-26.66,-26.64,-27.68,-27.64,11.10,11.71,0.84,0.87,-26.53
1,2020,84.2500,0.40,0.00,25.76,-27.67,-27.64,-26.80,-27.36,82.90,90.60,10.60,11.30,23.90,110.70,761.00,2.37,2.34,999.00,999.00,999.00,-5.72,-6.56,9436.00,-9.08,-5.15,999.00,-15.35,999.00,0.00,0.00,2.40,-27.41,-27.39,-27.86,-27.82,12.15,12.88,0.54,0.55,-27.58
1,2020,84.2917,0.40,0.29,23.12,-27.60,-27.57,-26.82,-27.23,83.00,90.70,11.30,11.90,28.30,112.60,754.90,2.38,2.34,999.00,999.00,999.00,-5.76,-6.60,9483.00,-9.13,-5.21,999.00,-15.37,999.00,0.00,0.00,4.00,-26.89,-26.86,-28.28,-28.26,13.34,14.14,0.86,0.91,-27.86
1,2020,84.3333,0.40,0.72,19.68,-28.32,-28.32,-27.06,-27.98,82.40,90.00,11.70,12.30,38.10,109.50,746.10,2.38,2.34,999.00,999.00,999.00,-5.75,-6.59,9482.00,-9.13,-5.19,999.00,-15.36,999.00,0.00,0.00,4.80,-27.90,-27.88,-28.56,-28.60,13.93,14.75,0.90,0.95,-28.19
1,2020,84.3333,0.40,0.72,19.68,-28.32,-28.32,-27.06,-27.98,82.40,90.00,11.70,12.30,38.10,109.50,746.10,2.38,2.34,999.00,999.00,999.00,-5.75,-6.59,9482.00,-9.13,-5.19,999.00,-15.36,999.00,0.00,0.00,4.80,-27.90,-27.88,-28.56,-28.60,13.93,14.75,0.90,0.95,-28.19
1,2020,84.3333,0.40,0.72,19.68,-28.32,-28.32,-27.06,-27.98,82.40,90.00,11.70,12.30,38.10,109.50,746.10,2.38,2.34,999.00,999.00,999.00,-5.75,-6.59,9482.00,-9.13,-5.19,999.00,-15.36,999.00,0.00,0.00,4.80,-27.90,-27.88,-28.56,-28.60,13.93,14.75,0.90,0.95,-28.19
1,2020,84.3333,0.40,0.72,19.68,-28.32,-28.32,-27.06,-27.98,82.40,90.00,11.70,12.30,38.10,109.50,746.10,2.38,2.34,999.00,999.00,999.00,-5.75,-6.59,9482.00,-9.13,-5.19,999.00,-15.36,999.00,0.00,0.00,4.80,-27.90,-27.88,-28.56,-28.60,13.93,14.75,0.90,0.95,-28.19
1,2020,84.3333,0.40,0.72,19.68,-28.32,-28.32,-27.06,-27.98,82.40,90.00,11.70,12.30,38.10,109.50,746.10,2.38,2.34,999.00,999.00,999.00,-5.75,-6.59,9482.00,-9.13,-5.19,999.00,-15.36,999.00,0.00,0.00,4.80,-27.90,-27.88,-28.56,-28.60,13.93,14.75,0.90,0.95,-28.19
1,2020,84.3333,0.40,0.72,19.68,-28.32,-28.32,-27.06,-27.98,82.40,90.00,11.70,12.30,38.10,109.50,746.10,2.38,2.34,999.00,999.00,999.00,-5.75,-6.59,9482.00,-9.13,-5.19,999.00,-15.36,999.00,0.00,0.00,4.80,-27.90,-27.88,-28.56,-28.60,13.93,14.75,0.90,0.95,-28.19
1,2020,84.3333,0.40,0.72,19.68,-28.32,-28.32,-27.06,-27.98,82.40,90.00,11.70,12.30,38.10,109.50,746.10,2.38,2.34,999.00,999.00,999.00,-5.75,-6.59,9482.00,-9.13,-5.19,999.00,-15.36,999.00,0.00,0.00,4.80,-27.90,-27.88,-28.56,-28.60,13.93,14.75,0.90,0.95,-28.19
1,2020,84.3333,0.40,0.72,19.68,-28.32,-28.32,-27.06,-27.98,82.40,90.00,11.70,12.30,38.10,109.50,746.10,2.38,2.34,999.00,999.00,999.00,-5.75,-6.59,9482.00,-9.13,-5.19,999.00,-15.36,999.00,0.00,0.00,4.80,-27.90,-27.88,-28.56,-28.60,13.93,14.75,0.90,0.95,-28.19
1,2020,84.3333,0.40,0.72,19.68,-28.32,-28.32,-27.06,-27.98,82.40,90.00,11.70,12.30,38.10,109.50,746.10,2.38,2.34,999.00,999.00,999.00,-5.75,-6.59,9482.00,-9.13,-5.19,999.00,-15.36,999.00,0.00,0.00,4.80,-27.90,-27.88,-28.56,-28.60,13.93,14.75,0.90,0.95,-28.19
1,2020,84.3333,0.40,0.72,19.68,-28.32,-28.32,-27.06,-27.98,82.40,90.00,11.70,12.30,38.10,109.50,746.10,2.38,2.34,999.00,999.00,999.00,-5.75,-6.59,9482.00,-9.13,-5.19,999.00,-15.36,999.00,0.00,0.00,4.80,-27.90,-27.88,-28.56,-28.60,13.93,14.75,0.90,0.95,-28.19
1,2020,84.3750,1.60,2.09,12.96,-27.54,-27.59,-26.83,-27.24,83.20,90.80,11.30,11.90,30.10,104.60,749.70,2.37,2.34,999.00,999.00,999.00,-5.79,-6.64,9537.00,-9.19,-5.27,999.00,-15.37,999.00,6.00,0.72,3.20,-26.60,-26.73,-28.39,-28.38,13.04,13.69,0.81,0.84,-28.18
1,2020,84.4167,21.20,20.64,17.60,-26.41,-26.46,-26.80,-26.04,83.90,91.50,11.90,12.60,26.60,107.10,743.40,2.36,2.33,999.00,999.00,999.00,-5.79,-6.64,9535.00,-9.19,-5.28,999.00,-15.36,999.00,40.00,3.60,3.20,-26.10,-26.17,-26.80,-26.90,13.97,14.77,0.84,0.87,-27.11
1,2020,84.4583,64.00,61.83,27.44,-26.26,-26.26,-26.81,-25.84,83.80,91.40,12.60,13.30,28.10,113.50,727.30,2.37,2.33,999.00,999.00,999.00,-5.75,-6.60,9495.00,-9.14,-5.42,999.00,-15.62,999.00,90.00,4.31,4.80,-25.77,-25.72,-26.64,-26.66,15.07,15.63,0.70,0.73,-26.33
1,2020,84.4583,64.00,61.83,27.44,-26.26,-26.26,-26.81,-25.84,83.80,91.40,12.60,13.30,28.10,113.50,727.30,2.37,2.33,999.00,999.00,999.00,-5.75,-6.60,9495.00,-9.14,-5.42,999.00,-15.62,999.00,90.00,4.31,4.80,-25.77,-25.72,-26.64,-26.66,15.07,15.63,0.70,0.73,-26.33
1,2020,84.4583,64.00,61.83,27.44,-26.26,-26.26,-26.81,-25.84,83.80,91.40,12.60,13.30,28.10,113.50,727.30,2.37,2.33,999.00,999.00,999.00,-5.75,-6.60,9495.00,-9.14,-5.42,999.00,-15.62,999.00,90.00,4.31,4.80,-25.77,-25.72,-26.64,-26.66,15.07,15.63,0.70,0.73,-26.33
1,2020,84.4583,64.00,61.83,27.44,-26.26,-26.26,-26.81,-25.84,83.80,91.40,12.60,13.30,28.10,113.50,727.30,2.37,2.33,999.00,999.00,999.00,-5.75,-6.60,9495.00,-9.14,-5.42,999.00,-15.62,999.00,90.00,4.31,4.80,-25.77,-25.72,-26.64,-26.66,15.07,15.63,0.70,0.73,-26.33
1,2020,84.4583,64.00,61.83,27.44,-26.26,-26.26,-26.81,-25.84,83.80,91.40,12.60,13.30,28.10,113.50,727.30,2.37,2.33,999.00,999.00,999.00,-5.75,-6.60,9495.00,-9.14,-5.42,999.00,-15.62,999.00,90.00,4.31,4.80,-25.77,-25.72,-26.64,-26.66,15.07,15.63,0.70,0.73,-26.33
1,2020,84.4583,64.00,61.83,27.44,-26.26,-26.26,-26.81,-25.84,83.80,91.40,12.60,13.30,28.10,113.50,727.30,2.37,2.33,999.00,999.00,999.00,-5.75,-6.60,9495.00,-9.14,-5.42,999.00,-15.62,999.00,90.00,4.31,4.80,-25.77,-25.72,-26.64,-26.66,15.07,15.63,0.70,0.73,-26.33
1,2020,84.4583,64.00,61.83,27.44,-26.26,-26.26,-26.81,-25.84,83.80,91.40,12.60,13.30,28.10,113.50,727.30,2.37,2.33,999.00,999.00,999.00,-5.75,-6.60,9495.00,-9.14,-5.42,999.00,-15.62,999.00,90.00,4.31,4.80,-25.77,-25.72,-26.64,-26.66,15.07,15.63,0.70,0.73,-26.33
1,2020,84.4583,64.00,61.83,27.44,-26.26,-26.26,-26.81,-25.84,83.80,91.40,12.60,13.30,28.10,113.50,727.30,2.37,2.33,999.00,999.00,999.00,-5.75,-6.60,9495.00,-9.14,-5.42,999.00,-15.62,999.00,90.00,4.31,4.80,-25.77,-25.72,-26.64,-26.66,15.07,15.63,0.70,0.73,-26.33
1,2020,84.4583,64.00,61.83,27.44,-26.26,-26.26,-26.81,-25.84,83.80,91.40,12.60,13.30,28.10,113.50,727.30,2.37,2.33,999.00,999.00,999.00,-5.75,-6.60,9495.00,-9.14,-5.42,999.00,-15.62,999.00,90.00,4.31,4.80,-25.77,-25.72,-26.64,-26.66,15.07,15.63,0.70,0.73,-26.33
1,2020,84.4583,64.00,61.83,27.44,-26.26,-26.26,-26.81,-25.84,83.80,91.40,12.60,13.30,28.10,113.50,727.30,2.37,2.33,999.00,999.00,999.00,-5.75,-6.60,9495.00,-9.14,-5.42,999.00,-15.62,999.00,90.00,4.31,4.80,-25.77,-25.72,-26.64,-26.66,15.07,15.63,0.70,0.73,-26.33
1,2020,84.5000,117.40,113.67,31.52,-25.10,-25.14,-26.81,-24.66,84.30,92.00,12.40,13.10,32.30,116.80,736.70,2.37,2.32,999.00,999.00,999.00,-5.78,-6.63,9527.00,-9.18,-5.27,999.00,-15.37,999.00,138.00,5.75,3.20,-24.23,-24.23,-25.91,-25.97,14.33,15.18,0.72,0.76,-25.49
1,2020,84.5417,173.60,169.11,32.32,-23.54,-23.64,-26.81,-23.06,85.20,92.80,12.10,12.70,40.10,125.50,754.10,2.36,2.32,999.00,999.00,999.00,-5.78,-6.64,9535.00,-9.19,-5.30,999.00,-15.42,999.00,198.00,6.47,3.20,-22.79,-22.95,-24.57,-24.57,14.05,14.74,0.68,0.70,-23.84
1,2020,84.5833,222.80,216.92,38.00,-22.26,-22.36,-26.81,-21.77,85.80,93.30,11.40,12.10,61.00,132.80,760.00,2.35,2.31,999.00,999.00,999.00,-5.75,-6.60,9505.00,-9.16,-5.26,999.00,-15.34,999.00,276.00,10.07,4.80,-21.64,-21.64,-22.96,-23.10,13.63,14.11,0.73,0.76,-22.21
1,2020,84.6250,258.20,251.07,45.76,-21.07,-21.06,-26.81,-20.51,86.10,93.60,10.40,10.90,65.40,132.30,764.30,2.35,2.31,999.00,999.00,999.00,-5.72,-6.57,9475.00,-9.14,-5.24,999.00,-15.28,999.00,302.00,8.63,4.80,-20.54,-20.54,-21.67,-21.73,11.97,12.78,0.57,0.58,-20.69
1,2020,84.6667,255.60,250.36,44.64,-19.95,-19.92,-26.85,-19.37,86.80,94.30,10.10,10.60,42.00,130.60,763.50,2.34,2.30,999.00,999.00,999.00,-5.71,-6.56,9459.00,-9.12,-5.22,999.00,-15.26,999.00,308.00,9.35,5.60,-19.29,-19.23,-20.62,-20.62,11.38,11.81,0.49,0.50,-19.55
1,2020,84.7083,255.40,250.36,51.36,-19.11,-19.08,-26.86,-18.48,87.20,94.60,9.30,9.80,56.10,128.40,762.70,2.34,2.30,999.00,999.00,999.00,-5.69,-6.54,9436.00,-9.10,-5.19,999.00,-15.24,999.00,302.00,7.91,8.00,-18.60,-18.59,-19.43,-19.40,10.71,11.24,0.67,0.70,-18.38
1,2020,84.7083,255.40,250.36,51.36,-19.11,-19.08,-26.86,-18.48,87.20,94.60,9.30,9.80,56.10,128.40,762.70,2.34,2.30,999.00,999.00,999.00,-5.69,-6.54,9436.00,-9.10,-5.19,999.00,-15.24,999.00,302.00,7.91,8.00,-18.60,-18.59,-19.43,-19.40,10.71,11.24,0.67,0.70,-18.38
1,2020,84.7500,219.80,216.99,40.32,-18.30,-18.26,-26.89,-17.71,88.30,95.30,8.90,9.40,83.80,133.50,762.00,2.33,2.30,999.00,999.00,999.00,-5.68,-6.53,9421.00,-9.08,-5.17,999.00,-15.23,999.00,240.00,3.60,4.00,-17.86,-17.83,-18.69,-18.65,10.51,11.11,0.83,0.87,-17.71
1,2020,84.7917,169.00,166.52,37.60,-17.70,-17.65,-26.89,-17.13,89.20,96.40,8.40,8.90,85.50,136.40,761.10,2.33,2.29,999.00,999.00,999.00,-5.66,-6.51,9400.00,-9.06,-5.14,999.00,-15.22,999.00,200.00,5.03,3.20,-17.55,-17.49,-17.89,-17.84,9.85,10.44,0.54,0.56,-17.20
1,2020,84.8333,115.80,114.18,30.72,-17.73,-17.68,-26.89,-17.23,90.10,97.20,7.20,7.70,96.00,138.60,761.60,2.33,2.29,999.00,999.00,999.00,-5.65,-6.49,9377.00,-9.03,-5.10,999.00,-15.20,999.00,148.00,5.75,3.20,-17.56,-17.53,-17.89,-17.83,8.24,8.71,0.35,0.37,-17.17
1,2020,84.8333,115.80,114.18,30.72,-17.73,-17.68,-26.89,-17.23,90.10,97.20,7.20,7.70,96.00,138.60,761.60,2.33,2.29,999.00,999.00,999.00,-5.65,-6.49,9377.00,-9.03,-5.10,999.00,-15.20,999.00,148.00,5.75,3.20,-17.56,-17.53,-17.89,-17.83,8.24,8.71,0.35,0.37,-17.17
1,2020,84.8750,54.00,52.63,21.68,-17.80,-17.75,-26.89,-17.40,91.00,98.20,7.30,7.80,94.70,142.60,761.90,2.33,2.29,999.00,999.00,999.00,-5.64,-6.48,9372.00,-9.02,-5.09,999.00,-15.20,999.00,82.00,5.03,2.40,-17.68,-17.64,-17.96,-17.91,8.22,8.67,0.34,0.34,-17.50
1,2020,84.9167,14.20,13.66,18.80,-18.28,-18.22,-26.89,-17.89,90.20,97.60,7.20,7.60,95.20,138.00,763.40,2.33,2.30,999.00,999.00,999.00,-5.64,-6.48,9365.00,-9.02,-5.07,999.00,-15.20,999.00,32.00,2.88,2.40,-17.91,-17.84,-18.64,-18.56,8.10,8.50,0.29,0.31,-18.07
1,2020,84.9583,1.00,0.50,16.08,-18.83,-18.76,-26.89,-18.47,89.60,97.00,6.90,7.40,68.70,130.10,764.50,2.34,2.30,999.00,999.00,999.00,-5.66,-6.49,9388.00,-9.04,-5.09,999.00,-15.21,999.00,4.00,0.00,3.20,-18.55,-18.48,-19.14,-19.09,7.97,8.46,0.39,0.40,-18.85
1,2020,84.9583,1.00,0.50,16.08,-18.83,-18.76,-26.89,-18.47,89.60,97.00,6.90,7.40,68.70,130.10,764.50,2.34,2.30,999.00,999.00,999.00,-5.66,-6.49,9388.00,-9.04,-5.09,999.00,-15.21,999.00,4.00,0.00,3.20,-18.55,-18.48,-19.14,-19.09,7.97,8.46,0.39,0.40,-18.85
1,2020,85.0000,0.60,0.00,16.08,-18.81,-18.73,-26.89,-18.46,90.70,98.00,6.70,7.10,56.50,128.90,764.70,2.34,2.30,999.00,999.00,999.00,-5.68,-6.52,9415.00,-9.08,-5.14,999.00,-15.23,999.00,0.00,0.00,4.00,-18.36,-18.29,-19.23,-19.17,7.70,8.28,0.47,0.50,-19.24
1,2020,85.0417,0.60,0.00,14.72,-18.58,-18.50,-26.89,-18.23,91.10,98.30,7.20,7.70,68.80,130.90,765.10,2.33,2.30,999.00,999.00,999.00,-5.69,-6.53,9430.00,-9.09,-5.16,999.00,-15.23,999.00,0.00,0.00,5.60,-18.22,-18.16,-18.83,-18.73,8.21,8.75,0.38,0.39,-19.17
1,2020,85.0833,0.40,0.00,12.00,-17.95,-17.89,-26.89,-17.61,91.60,98.80,7.40,7.90,66.70,133.60,766.30,2.33,2.29,999.00,999.00,999.00,-5.69,-6.54,9442.00,-9.11,-5.18,999.00,-15.23,999.00,0.00,0.00,3.20,-17.73,-17.69,-18.28,-18.18,8.64,9.11,0.39,0.40,-18.67
1,2020,85.0833,0.40,0.00,12.00,-17.95,-17.89,-26.89,-17.61,91.60,98.80,7.40,7.90,66.70,133.60,766.30,2.33,2.29,999.00,999.00,999.00,-5.69,-6.54,9442.00,-9.11,-5.18,999.00,-15.23,999.00,0.00,0.00,3.20,-17.73,-17.69,-18.28,-18.18,8.64,9.11,0.39,0.40,-18.67
1,2020,85.1250,0.40,0.00,9.76,-17.38,-17.32,-26.89,-17.05,92.10,99.20,6.70,7.10,78.20,133.80,765.70,2.33,2.29,999.00,999.00,999.00,-5.69,-6.54,9436.00,-9.10,-5.18,999.00,-15.23,999.00,0.00,0.00,4.00,-17.02,-16.99,-17.86,-17.81,8.43,8.98,0.56,0.58,-18.10
1,2020,85.1667,0.40,0.00,2.72,-16.88,-16.83,-26.89,-16.55,92.60,99.60,6.50,6.90,81.00,133.70,764.80,2.33,2.29,999.00,999.00,999.00,-5.68,-6.54,9432.00,-9.10,-5.17,999.00,-15.22,999.00,0.00,0.00,3.20,-16.44,-16.41,-17.39,-17.31,7.88,8.28,0.37,0.39,-17.53
1,2020,85.2083,0.40,0.00,13.44,-16.71,-16.65,-26.89,-16.36,92.70,99.70,6.60,7.10,82.80,134.60,763.40,2.33,2.29,999.00,999.00,999.00,-5.66,-6.51,9401.00,-9.06,-5.12,999.00,-15.21,999.00,0.00,0.00,4.00,-16.43,-16.37,-17.03,-16.96,7.95,8.43,0.42,0.44,-17.03
1,2020,85.2500,0.40,0.00,14.32,-16.53,-16.46,-26.89,-16.19,93.00,100.00,7.00,7.50,83.00,139.40,763.90,2.33,2.29,999.00,999.00,999.00,-5.66,-6.51,9408.00,-9.07,-5.14,999.00,-15.20,999.00,0.00,0.00,6.40,-15.97,-15.93,-16.86,-16.77,7.87,8.36,0.33,0.35,-17.09
1,2020,85.2917,0.40,0.00,11.84,-16.19,-16.13,-26.89,-15.84,93.20,100.10,6.80,7.30,100.80,142.20,762.00,2.32,2.28,999.00,999.00,999.00,-5.67,-6.52,9419.00,-9.08,-5.15,999.00,-15.21,999.00,0.00,0.00,5.60,-15.83,-15.78,-16.40,-16.33,7.78,8.21,0.31,0.30,-16.74
1,2020,85.3333,0.40,0.00,8.56,-15.72,-15.67,-26.89,-15.37,93.70,100.50,6.90,7.40,114.30,145.70,760.30,2.32,2.28,999.00,999.00,999.00,-5.68,-6.53,9430.00,-9.10,-5.17,999.00,-15.21,999.00,0.00,0.00,3.20,-15.51,-15.45,-15.89,-15.85,8.23,8.84,0.41,0.42,-16.27
1,2020,85.3333,0.40,0.00,8.56,-15.72,-15.67,-26.89,-15.37,93.70,100.50,6.90,7.40,114.30,145.70,760.30,2.32,2.28,999.00,999.00,999.00,-5.68,-6.53,9430.00,-9.10,-5.17,999.00,-15.21,999.00,0.00,0.00,3.20,-15.51,-15.45,-15.89,-15.85,8.23,8.84,0.41,0.42,-16.27
1,2020,85.3750,1.20,0.72,2.80,-15.30,-15.26,-26.89,-14.97,94.00,100.80,6.20,6.70,128.70,149.30,760.30,2.32,2.27,999.00,999.00,999.00,-5.68,-6.52,9425.00,-9.09,-5.16,999.00,-15.20,999.00,4.00,0.72,4.00,-14.94,-14.93,-15.64,-15.59,6.99,7.34,0.26,0.26,-15.83
1,2020,85.4167,16.80,15.39,4.96,-15.03,-15.01,-26.89,-14.71,94.10,100.80,6.60,7.00,129.10,151.30,759.20,2.32,2.28,999.00,999.00,999.00,-5.67,-6.51,9413.00,-9.08,-5.14,999.00,-15.19,999.00,36.00,3.60,2.40,-14.73,-14.71,-15.19,-15.16,7.43,7.92,0.33,0.34,-15.26
1,2020,85.4583,57.00,52.77,13.36,-14.70,-14.68,-26.89,-14.30,94.10,100.80,6.90,7.40,133.60,150.80,753.70,2.32,2.28,999.00,999.00,999.00,-5.67,-6.52,9415.00,-9.08,-5.15,999.00,-15.18,999.00,76.00,4.31,4.80,-14.57,-14.56,-14.80,-14.78,8.16,8.57,0.43,0.45,-14.77
1,2020,85.4583,57.00,52.77,13.36,-14.70,-14.68,-26.89,-14.30,94.10,100.80,6.90,7.40,133.60,150.80,753.70,2.32,2.28,999.00,999.00,999.00,-5.67,-6.52,9415.00,-9.08,-5.15,999.00,-15.18,999.00,76.00,4.31,4.80,-14.57,-14.56,-14.80,-14.78,8.16,8.57,0.43,0.45,-14.77
1,2020,85.5000,113.40,105.12,29.92,-14.72,-14.71,-26.89,-14.24,93.70,100.50,7.70,8.20,118.00,146.60,749.00,2.32,2.26,999.00,999.00,999.00,-5.66,-6.50,9399.00,-9.06,-5.12,999.00,-15.18,999.00,152.00,7.91,5.60,-14.62,-14.61,-14.84,-14.81,9.36,9.92,0.59,0.61,-14.44
1,2020,85.5417,171.20,161.20,32.08,-14.48,-14.47,-26.89,-13.94,93.30,100.30,8.50,9.00,122.80,146.70,744.50,2.31,2.25,999.00,999.00,999.00,-5.67,-6.52,9412.00,-9.08,-5.14,999.00,-15.20,999.00,184.00,3.60,6.40,-14.09,-14.08,-14.72,-14.70,10.00,10.54,0.49,0.51,-14.09
1,2020,85.5833,180.40,172.06,24.08,-13.86,-13.85,-26.89,-13.34,93.80,100.80,8.50,9.00,144.80,156.70,738.60,2.31,2.25,999.00,999.00,999.00,-5.66,-6.52,9414.00,-9.08,-5.14,999.00,-15.22,999.00,228.00,5.03,4.00,-13.53,-13.44,-14.12,-14.12,11.00,11.79,0.82,0.86,-13.34
1,2020,85.5833,180.40,172.06,24.08,-13.86,-13.85,-26.89,-13.34,93.80,100.80,8.50,9.00,144.80,156.70,738.60,2.31,2.25,999.00,999.00,999.00,-5.66,-6.52,9414.00,-9.08,-5.14,999.00,-15.22,999.00,228.00,5.03,4.00,-13.53,-13.44,-14.12,-14.12,11.00,11.79,0.82,0.86,-13.34
1,2020,85.6250,236.40,226.13,22.24,-13.86,-13.83,-26.89,-13.32,93.50,100.60,9.00,9.60,166.00,169.60,735.20,2.31,2.25,999.00,999.00,999.00,-5.64,-6.48,9378.00,-9.03,-5.09,999.00,-15.21,999.00,250.00,2.88,5.60,-13.72,-13.67,-14.01,-13.97,10.72,11.28,0.61,0.63,-12.79
1,2020,85.6667,241.40,231.23,16.16,-13.81,-13.75,-26.89,-13.26,93.50,100.70,9.40,10.10,174.00,178.10,733.40,2.31,2.26,999.00,999.00,999.00,-5.64,-6.48,9371.00,-9.03,-5.08,999.00,-15.25,999.00,252.00,2.16,4.00,-13.73,-13.66,-13.89,-13.83,11.43,12.13,0.76,0.80,-12.72
1,2020,85.7083,224.00,214.62,9.04,-13.76,-13.73,-26.90,-13.20,93.60,100.70,8.30,8.80,181.50,185.50,743.30,2.31,2.26,999.00,999.00,999.00,-5.63,-6.47,9370.00,-9.03,-5.08,999.00,-15.19,999.00,266.00,7.19,11.20,-13.66,-13.62,-14.37,-14.59,9.90,10.53,0.67,0.69,-12.68
1,2020,85.7083,224.00,214.62,9.04,-13.76,-13.73,-26.90,-13.20,93.60,100.70,8.30,8.80,181.50,185.50,743.30,2.31,2.26,999.00,999.00,999.00,-5.63,-6.47,9370.00,-9.03,-5.08,999.00,-15.19,999.00,266.00,7.19,11.20,-13.66,-13.62,-14.37,-14.59,9.90,10.53,0.67,0.69,-12.68
1,2020,85.7500,186.40,178.31,-34.24,-15.28,-15.49,-26.89,-14.95,92.40,99.60,7.60,8.00,242.00,245.30,747.90,2.32,2.25,999.00,999.00,999.00,-5.63,-6.47,9365.00,-9.01,-5.03,999.00,-15.14,999.00,216.00,5.03,4.80,-14.41,-14.54,-15.79,-16.03,9.31,9.87,0.73,0.76,-13.32
1,2020,85.7917,165.40,158.25,-32.56,-15.92,-16.19,-26.89,-15.71,92.20,99.40,6.40,6.80,245.40,248.60,752.30,2.31,2.22,999.00,999.00,999.00,-5.64,-6.49,9388.00,-9.04,-5.07,999.00,-15.16,999.00,170.00,1.44,3.20,-15.73,-16.00,-16.17,-16.38,8.66,9.04,0.94,0.98,-14.63
1,2020,85.8333,126.20,120.43,-25.76,-16.63,-16.86,-26.89,-16.37,91.40,99.00,5.70,6.10,245.40,248.80,755.50,2.29,2.23,999.00,999.00,999.00,-5.66,-6.50,9395.00,-9.05,-5.08,999.00,-15.18,999.00,158.00,7.91,6.40,-16.07,-16.32,-17.61,-17.83,8.18,8.57,0.98,1.03,-15.35
1,2020,85.8750,65.60,62.34,-11.68,-18.38,-18.50,-26.82,-18.12,90.60,98.10,7.30,7.70,255.60,259.10,755.10,2.32,2.23,999.00,999.00,999.00,-5.65,-6.49,9383.00,-9.03,-5.03,999.00,-15.18,999.00,86.00,5.75,4.00,-17.59,-17.77,-19.03,-19.15,9.28,9.73,0.60,0.63,-16.72
1,2020,85.9167,21.80,20.71,-0.40,-19.45,-19.51,-26.82,-19.22,90.30,97.70,8.50,9.00,246.70,250.50,756.10,2.33,2.25,999.00,999.00,999.00,-5.67,-6.51,9407.00,-9.05,-5.06,999.00,-15.21,999.00,36.00,3.60,2.40,-19.04,-19.13,-19.69,-19.72,10.02,10.58,0.84,0.89,-18.32
1,2020,85.9583,1.80,1.44,4.40,-20.21,-20.24,-26.82,-19.92,89.80,97.10,7.60,8.10,224.00,228.30,760.00,2.34,2.25,999.00,999.00,999.00,-5.68,-6.52,9412.00,-9.06,-5.08,999.00,-15.23,999.00,8.00,0.72,1.60,-19.69,-19.72,-20.73,-20.77,9.02,9.71,0.69,0.72,-19.47
1,2020,85.9583,1.80,1.44,4.40,-20.21,-20.24,-26.82,-19.92,89.80,97.10,7.60,8.10,224.00,228.30,760.00,2.34,2.25,999.00,999.00,999.00,-5.68,-6.52,9412.00,-9.06,-5.08,999.00,-15.23,999.00,8.00,0.72,1.60,-19.69,-19.72,-20.73,-20.77,9.02,9.71,0.69,0.72,-19.47
1,2020,86.0000,0.60,0.00,9.28,-21.24,-21.26,-26.81,-20.97,89.00,96.40,6.50,7.00,216.00,219.00,765.40,2.34,2.26,999.00,999.00,999.00,-5.68,-6.52,9412.00,-9.06,-5.08,999.00,-15.22,999.00,0.00,0.00,4.00,-20.70,-20.71,-21.71,-21.72,8.26,8.81,0.99,1.05,-20.52
1,2020,86.0417,0.60,0.00,14.40,-22.23,-22.24,-26.81,-21.95,88.20,95.60,7.80,8.30,215.40,219.70,770.30,2.35,2.27,999.00,999.00,999.00,-5.70,-6.53,9424.00,-9.07,-5.09,999.00,-15.24,999.00,0.00,0.00,4.00,-21.54,-21.55,-22.66,-22.67,10.28,10.84,1.05,1.13,-21.57
1,2020,86.0833,0.60,0.00,13.76,-22.80,-22.80,-26.81,-22.53,87.70,95.20,5.80,6.20,209.80,213.90,773.40,2.35,2.26,999.00,999.00,999.00,-5.72,-6.56,9455.00,-9.11,-5.14,999.00,-15.25,999.00,0.00,0.00,4.80,-22.64,-22.64,-22.93,-22.92,9.47,10.21,1.23,1.31,-22.53
1,2020,86.1250,0.60,0.00,16.72,-23.11,-23.10,-26.81,-22.78,87.40,94.90,5.40,5.80,206.50,209.90,774.50,2.35,2.26,999.00,999.00,999.00,-5.72,-6.56,9465.00,-9.12,-5.16,999.00,-15.25,999.00,0.00,0.00,8.80,-22.72,-22.75,-24.03,-23.95,7.15,7.63,0.60,0.62,-22.92
1,2020,86.1667,0.60,0.00,17.76,-24.23,-24.19,-26.81,-23.93,86.60,94.10,5.40,5.80,177.90,182.00,775.20,2.36,2.26,999.00,999.00,999.00,-5.73,-6.56,9454.00,-9.10,-5.12,999.00,-15.25,999.00,0.00,0.00,12.00,-23.62,-23.61,-24.83,-24.82,6.75,7.21,0.71,0.74,-23.86
1,2020,86.2083,0.60,0.00,9.28,-23.83,-23.82,-26.81,-23.52,86.80,94.30,5.10,5.40,166.70,170.70,776.30,2.35,2.26,999.00,999.00,999.00,-5.76,-6.61,9517.00,-9.18,-5.23,999.00,-15.28,999.00,0.00,0.00,1.60,-23.66,-23.67,-24.06,-24.06,6.99,7.40,0.71,0.75,-24.14
1,2020,86.2083,0.60,0.00,9.28,-23.83,-23.82,-26.81,-23.52,86.80,94.30,5.10,5.40,166.70,170.70,776.30,2.35,2.26,999.00,999.00,999.00,-5.76,-6.61,9517.00,-9.18,-5.23,999.00,-15.28,999.00,0.00,0.00,1.60,-23.66,-23.67,-24.06,-24.06,6.99,7.40,0.71,0.75,-24.14
1,2020,86.2500,0.60,0.00,12.40,-24.09,-24.09,-26.81,-23.80,86.60,94.00,6.60,7.00,187.40,191.40,774.90,2.36,2.26,999.00,999.00,999.00,-5.76,-6.60,9502.00,-9.17,-5.20,999.00,-15.27,999.00,0.00,0.00,4.00,-23.76,-23.76,-24.50,-24.49,8.72,9.13,0.72,0.76,-24.06
1,2020,86.2917,0.60,0.00,16.72,-24.82,-24.81,-26.81,-24.51,85.90,93.40,5.90,6.40,188.90,193.00,774.80,2.36,2.26,999.00,999.00,999.00,-5.75,-6.59,9484.00,-9.14,-5.16,999.00,-15.27,999.00,0.00,0.00,2.40,-24.43,-24.42,-25.30,-25.27,7.59,8.13,0.72,0.75,-24.50
1,2020,86.3333,0.60,0.00,14.64,-25.05,-25.03,-26.81,-24.79,85.80,93.30,6.50,7.00,183.40,187.50,777.90,2.36,2.27,999.00,999.00,999.00,-5.76,-6.60,9503.00,-9.16,-5.19,999.00,-15.27,999.00,0.00,0.00,1.60,-24.95,-24.92,-25.26,-25.23,8.06,8.90,0.65,0.69,-25.09
1,2020,86.3333,0.60,0.00,14.64,-25.05,-25.03,-26.81,-24.79,85.80,93.30,6.50,7.00,183.40,187.50,777.90,2.36,2.27,999.00,999.00,999.00,-5.76,-6.60,9503.00,-9.16,-5.19,999.00,-15.27,999.00,0.00,0.00,1.60,-24.95,-24.92,-25.26,-25.23,8.06,8.90,0.65,0.69,-25.09
1,2020,86.3750,2.00,1.44,11.68,-25.13,-25.12,-26.81,-24.85,85.70,93.10,6.00,6.50,176.70,180.80,776.20,2.35,2.27,999.00,999.00,999.00,-5.77,-6.61,9515.00,-9.18,-5.21,999.00,-15.27,999.00,6.00,0.72,3.20,-25.02,-25.00,-25.24,-25.23,7.42,7.89,0.52,0.54,-25.23
1,2020,86.4167,27.80,25.60,22.96,-25.51,-25.48,-26.81,-25.18,85.20,92.70,5.90,6.40,185.30,189.40,776.30,2.36,2.27,999.00,999.00,999.00,-5.76,-6.60,9504.00,-9.17,-5.19,999.00,-15.27,999.00,56.00,5.03,4.00,-25.17,-25.16,-25.77,-25.72,6.79,7.37,0.38,0.40,-25.38
1,2020,86.4583,84.40,75.93,38.96,-25.96,-25.90,-26.81,-25.49,84.30,92.10,4.60,5.00,168.50,172.10,777.00,2.36,2.28,999.00,999.00,999.00,-5.76,-6.60,9504.00,-9.17,-5.19,999.00,-15.28,999.00,142.00,6.47,18.40,-25.46,-25.42,-26.60,-26.48,5.77,6.17,0.48,0.50,-25.62
1,2020,86.4583,84.40,75.93,38.96,-25.96,-25.90,-26.81,-25.49,84.30,92.10,4.60,5.00,168.50,172.10,777.00,2.36,2.28,999.00,999.00,999.00,-5.76,-6.60,9504.00,-9.17,-5.19,999.00,-15.28,999.00,142.00,6.47,18.40,-25.46,-25.42,-26.60,-26.48,5.77,6.17,0.48,0.50,-25.62
1,2020,86.5000,179.20,148.69,118.64,-27.41,-27.18,-26.79,-26.50,82.40,90.40,3.20,3.60,141.20,147.90,781.40,2.37,2.29,999.00,999.00,999.00,-5.73,-6.56,9455.00,-9.10,-5.11,999.00,-15.29,999.00,260.00,20.13,33.60,-26.55,-26.38,-28.61,-28.44,4.55,5.02,0.79,0.88,-26.26
1,2020,86.5417,297.40,246.40,168.40,-26.75,-26.59,-26.79,-25.87,82.70,90.60,5.00,5.40,114.50,135.60,781.90,2.36,2.28,999.00,999.00,999.00,-5.76,-6.61,9524.00,-9.20,-5.26,999.00,-15.32,999.00,336.00,7.91,9.60,-26.23,-26.03,-28.26,-28.00,6.19,6.68,0.81,0.84,-25.95
1,2020,86.5833,365.40,310.03,171.04,-26.39,-26.29,-26.80,-25.44,82.40,90.40,6.10,6.50,106.90,130.90,778.90,2.36,2.28,999.00,999.00,999.00,-5.79,-6.65,9569.00,-9.25,-5.32,999.00,-15.28,999.00,436.00,8.63,5.60,-26.01,-25.91,-26.71,-26.63,7.21,7.64,0.41,0.44,-25.02
1,2020,86.5833,365.40,310.03,171.04,-26.39,-26.29,-26.80,-25.44,82.40,90.40,6.10,6.50,106.90,130.90,778.90,2.36,2.28,999.00,999.00,999.00,-5.79,-6.65,9569.00,-9.25,-5.32,999.00,-15.28,999.00,436.00,8.63,5.60,-26.01,-25.91,-26.71,-26.63,7.21,7.64,0.41,0.44,-25.02
1,2020,86.6250,404.00,346.05,160.88,-25.86,-25.77,-26.81,-24.87,81.70,90.20,6.90,7.40,104.50,132.80,774.60,2.36,2.28,999.00,999.00,999.00,-5.80,-6.67,9588.00,-9.27,-5.35,999.00,-15.23,999.00,428.00,3.60,8.00,-25.66,-25.56,-26.07,-25.99,8.05,8.60,0.43,0.44,-24.10
1,2020,86.6667,409.40,356.91,125.84,-25.40,-25.32,-26.81,-24.35,81.10,89.60,7.40,7.90,116.00,131.90,773.70,2.37,2.28,999.00,999.00,999.00,-5.81,-6.68,9589.00,-9.27,-5.35,999.00,-15.20,999.00,438.00,5.75,9.60,-25.23,-25.17,-25.74,-25.68,8.74,9.18,0.42,0.43,-23.32
1,2020,86.7083,366.80,337.14,86.96,-25.10,-25.01,-26.81,-24.12,80.90,89.70,7.60,8.10,98.10,133.70,772.20,2.37,2.28,999.00,999.00,999.00,-5.78,-6.64,9556.00,-9.23,-5.29,999.00,-15.20,999.00,416.00,9.35,8.80,-24.75,-24.66,-25.45,-25.35,9.03,9.60,0.59,0.62,-22.99
1,2020,86.7083,366.80,337.14,86.96,-25.10,-25.01,-26.81,-24.12,80.90,89.70,7.60,8.10,98.10,133.70,772.20,2.37,2.28,999.00,999.00,999.00,-5.78,-6.64,9556.00,-9.23,-5.29,999.00,-15.20,999.00,416.00,9.35,8.80,-24.75,-24.66,-25.45,-25.35,9.03,9.60,0.59,0.62,-22.99
1,2020,86.7500,313.40,298.24,63.36,-24.74,-24.68,-26.81,-23.92,81.50,90.20,8.80,9.30,85.80,131.50,772.40,2.33,2.26,999.00,999.00,999.00,-5.77,-6.63,9537.00,-9.21,-5.25,999.00,-15.22,999.00,406.00,12.94,6.40,-24.29,-24.25,-25.07,-25.03,10.51,11.11,0.58,0.60,-23.01
1,2020,86.7917,303.20,298.17,52.08,-24.63,-24.58,-26.80,-23.83,81.70,90.20,9.20,9.80,90.60,129.70,776.20,2.31,2.24,999.00,999.00,999.00,-5.78,-6.64,9552.00,-9.23,-5.29,999.00,-15.20,999.00,424.00,24.45,8.80,-24.19,-24.12,-25.06,-25.00,10.58,11.04,0.53,0.54,-22.77
1,2020,86.8333,219.00,229.65,29.76,-25.03,-24.93,-26.80,-24.17,81.90,89.40,10.20,10.80,72.70,129.50,773.20,2.36,2.27,999.00,999.00,999.00,-5.77,-6.63,9543.00,-9.22,-5.25,999.00,-15.23,999.00,296.00,13.66,5.60,-24.69,-24.60,-25.39,-25.28,11.49,12.27,0.69,0.74,-23.22
1,2020,86.8333,219.00,229.65,29.76,-25.03,-24.93,-26.80,-24.17,81.90,89.40,10.20,10.80,72.70,129.50,773.20,2.36,2.27,999.00,999.00,999.00,-5.77,-6.63,9543.00,-9.22,-5.25,999.00,-15.23,999.00,296.00,13.66,5.60,-24.69,-24.60,-25.39,-25.28,11.49,12.27,0.69,0.74,-23.22
1,2020,86.8750,116.00,136.11,20.08,-25.82,-25.75,-26.78,-25.08,81.20,89.30,10.30,10.90,56.00,125.00,770.30,2.36,2.29,999.00,999.00,999.00,-5.75,-6.61,9512.00,-9.18,-5.18,999.00,-15.24,999.00,164.00,9.35,3.20,-25.22,-25.14,-26.42,-26.35,11.94,12.57,0.67,0.70,-24.12
1,2020,86.9167,32.60,42.06,27.04,-26.62,-26.56,-26.79,-26.12,81.90,90.10,9.90,10.50,37.20,123.30,772.40,2.30,2.31,999.00,999.00,999.00,-5.74,-6.59,9483.00,-9.13,-5.11,999.00,-15.24,999.00,74.00,7.19,6.40,-26.29,-26.23,-27.11,-27.05,11.73,12.26,0.66,0.69,-25.58
1,2020,86.9583,1.80,1.65,34.48,-27.23,-27.17,-26.80,-26.92,82.70,90.80,9.60,10.20,51.40,118.60,774.70,2.33,2.27,999.00,999.00,999.00,-5.76,-6.62,9510.00,-9.16,-5.15,999.00,-15.25,999.00,8.00,0.72,3.20,-26.87,-26.82,-27.69,-27.61,11.81,12.43,0.69,0.72,-27.21
1,2020,86.9583,1.80,1.65,34.48,-27.23,-27.17,-26.80,-26.92,82.70,90.80,9.60,10.20,51.40,118.60,774.70,2.33,2.27,999.00,999.00,999.00,-5.76,-6.62,9510.00,-9.16,-5.15,999.00,-15.25,999.00,8.00,0.72,3.20,-26.87,-26.82,-27.69,-27.61,11.81,12.43,0.69,0.72,-27.21
1,2020,86.9583,1.80,1.65,34.48,-27.23,-27.17,-26.80,-26.92,82.70,90.80,9.60,10.20,51.40,118.60,774.70,2.33,2.27,999.00,999.00,999.00,-5.76,-6.62,9510.00,-9.16,-5.15,999.00,-15.25,999.00,8.00,0.72,3.20,-26.87,-26.82,-27.69,-27.61,11.81,12.43,0.69,0.72,-27.21
1,2020,87.0000,0.40,0.14,34.96,-27.39,-27.34,-26.80,-27.05,82.90,90.90,10.60,11.20,48.90,119.10,772.10,2.37,2.31,999.00,999.00,999.00,-5.80,-6.65,9554.00,-9.22,-5.23,999.00,-15.28,999.00,0.00,0.00,3.20,-27.01,-26.96,-27.91,-27.83,12.50,13.24,0.82,0.85,-27.91
1,2020,87.0417,0.40,0.36,34.40,-27.52,-27.49,-26.80,-27.18,82.90,90.90,11.30,12.00,42.60,112.70,764.50,2.34,2.26,999.00,999.00,999.00,-5.82,-6.67,9574.00,-9.24,-5.25,999.00,-15.29,999.00,0.00,0.00,3.20,-27.17,-27.18,-27.85,-27.85,13.38,14.07,0.76,0.77,-28.06
1,2020,87.0833,0.40,1.15,33.44,-27.79,-27.76,-26.82,-27.41,82.70,90.60,12.30,13.10,30.60,111.50,754.20,2.36,2.32,999.00,999.00,999.00,-5.83,-6.68,9590.00,-9.25,-5.26,999.00,-15.34,999.00,0.00,0.00,3.20,-27.33,-27.29,-28.26,-28.28,14.99,15.93,1.09,1.14,-28.19
1,2020,87.0833,0.40,1.15,33.44,-27.79,-27.76,-26.82,-27.41,82.70,90.60,12.30,13.10,30.60,111.50,754.20,2.36,2.32,999.00,999.00,999.00,-5.83,-6.68,9590.00,-9.25,-5.26,999.00,-15.34,999.00,0.00,0.00,3.20,-27.33,-27.29,-28.26,-28.28,14.99,15.93,1.09,1.14,-28.19
1,2020,87.0833,0.40,1.15,33.44,-27.79,-27.76,-26.82,-27.41,82.70,90.60,12.30,13.10,30.60,111.50,754.20,2.36,2.32,999.00,999.00,999.00,-5.83,-6.68,9590.00,-9.25,-5.26,999.00,-15.34,999.00,0.00,0.00,3.20,-27.33,-27.29,-28.26,-28.28,14.99,15.93,1.09,1.14,-28.19
1,2020,87.0833,0.40,1.15,33.44,-27.79,-27.76,-26.82,-27.41,82.70,90.60,12.30,13.10,30.60,111.50,754.20,2.36,2.32,999.00,999.00,999.00,-5.83,-6.68,9590.00,-9.25,-5.26,999.00,-15.34,999.00,0.00,0.00,3.20,-27.33,-27.29,-28.26,-28.28,14.99,15.93,1.09,1.14,-28.19
1,2020,87.1250,0.40,3.02,30.88,-27.60,-27.56,-26.80,-27.16,83.00,90.70,13.70,14.50,33.20,109.90,734.80,2.35,2.27,999.00,999.00,999.00,-5.82,-6.68,9601.00,-9.25,-5.36,999.00,-15.98,999.00,0.00,0.00,3.20,-26.79,-26.77,-28.04,-28.11,16.05,16.71,0.82,0.84,-28.08
1,2020,87.1667,0.40,3.74,30.40,-27.43,-27.43,-26.80,-27.01,83.00,90.70,14.10,15.00,25.20,107.60,723.50,2.38,2.29,999.00,999.00,999.00,-6.25,9314.00,-8.37,-9.67,-6.91,999.00,-18.00,999.00,0.00,0.00,2.40,-26.93,-26.86,-27.81,-27.85,16.84,17.42,0.83,0.84,-27.72
1,2020,87.2083,0.40,3.74,29.04,-27.37,-27.38,-26.80,-26.96,83.20,90.80,13.80,14.70,32.20,106.20,730.50,2.35,2.33,999.00,999.00,999.00,-5.89,-7.13,-8.17,-9.54,-5.84,999.00,-16.86,999.00,0.00,0.00,4.00,-26.66,-26.63,-27.80,-27.75,15.74,16.74,0.84,0.88,-27.75
1,2020,87.2083,0.40,3.74,29.04,-27.37,-27.38,-26.80,-26.96,83.20,90.80,13.80,14.70,32.20,106.20,730.50,2.35,2.33,999.00,999.00,999.00,-5.89,-7.13,-8.17,-9.54,-5.84,999.00,-16.86,999.00,0.00,0.00,4.00,-26.66,-26.63,-27.80,-27.75,15.74,16.74,0.84,0.88,-27.75
1,2020,87.2500,0.20,4.03,26.24,-26.93,-27.01,-26.80,-26.25,83.60,91.20,15.00,15.90,33.90,106.50,693.70,2.35,2.27,999.00,999.00,999.00,-9.29,-12.68,-13.37,-14.06,-13.03,999.00,-21.96,999.00,0.00,0.00,4.00,-25.97,-26.19,-27.56,-27.56,18.01,19.12,0.92,0.95,-27.25
1,2020,87.2917,0.20,3.95,27.28,-26.30,-26.40,-26.80,-25.60,84.00,91.60,14.90,15.80,36.80,104.30,690.00,2.38,2.32,999.00,999.00,999.00,-9.29,-12.36,-12.57,-13.58,-11.89,999.00,-21.57,999.00,0.00,0.00,3.20,-25.25,-25.40,-27.02,-27.02,17.74,18.56,0.92,0.95,-26.65
1,2020,87.3333,0.00,3.81,22.72,-25.97,-25.98,-26.81,-25.19,84.70,92.30,16.70,17.60,29.00,111.80,725.20,2.37,2.33,999.00,999.00,999.00,-17.63,-23.91,-23.42,-23.56,-24.18,999.00,-25.56,999.00,0.00,0.00,3.20,-25.25,-25.59,-26.37,-26.37,19.84,21.04,1.03,1.07,-26.05
1,2020,87.3333,0.00,3.81,22.72,-25.97,-25.98,-26.81,-25.19,84.70,92.30,16.70,17.60,29.00,111.80,725.20,2.37,2.33,999.00,999.00,999.00,-17.63,-23.91,-23.42,-23.56,-24.18,999.00,-25.56,999.00,0.00,0.00,3.20,-25.25,-25.59,-26.37,-26.37,19.84,21.04,1.03,1.07,-26.05
1,2020,87.3333,0.00,3.81,22.72,-25.97,-25.98,-26.81,-25.19,84.70,92.30,16.70,17.60,29.00,111.80,725.20,2.37,2.33,999.00,999.00,999.00,-17.63,-23.91,-23.42,-23.56,-24.18,999.00,-25.56,999.00,0.00,0.00,3.20,-25.25,-25.59,-26.37,-26.37,19.84,21.04,1.03,1.07,-26.05
1,2020,87.3333,0.00,3.81,22.72,-25.97,-25.98,-26.81,-25.19,84.70,92.30,16.70,17.60,29.00,111.80,725.20,2.37,2.33,999.00,999.00,999.00,-17.63,-23.91,-23.42,-23.56,-24.18,999.00,-25.56,999.00,0.00,0.00,3.20,-25.25,-25.59,-26.37,-26.37,19.84,21.04,1.03,1.07,-26.05
1,2020,87.3750,2.60,5.97,20.72,-24.97,-24.99,-26.81,-24.06,85.80,93.30,16.50,17.40,29.90,106.90,792.10,2.36,2.32,999.00,999.00,999.00,-16.25,-24.02,-22.01,-22.54,-23.08,999.00,-24.68,999.00,10.00,0.72,4.00,-23.93,-24.05,-25.60,-25.60,19.31,20.21,0.97,1.00,-25.06
1,2020,87.4167,25.20,27.39,20.40,-23.90,-23.92,-26.83,-22.80,86.80,94.20,16.20,17.10,47.10,115.20,705.10,2.35,2.31,999.00,999.00,999.00,-16.80,-22.07,-20.52,-21.20,-21.67,999.00,-23.69,999.00,46.00,3.60,3.20,-22.55,-22.64,-24.58,-24.58,19.51,20.56,1.06,1.12,-23.99
1,2020,87.4583,75.20,75.14,24.72,-22.02,-22.09,-26.87,-21.04,88.00,95.30,15.80,16.70,44.40,116.90,703.20,2.34,2.26,999.00,999.00,999.00,-12.83,-17.86,-16.36,-15.80,-16.33,999.00,-21.06,999.00,104.00,6.47,4.00,-20.19,-20.49,-23.20,-23.20,19.33,20.48,1.38,1.43,-22.24
1,2020,87.4583,75.20,75.14,24.72,-22.02,-22.09,-26.87,-21.04,88.00,95.30,15.80,16.70,44.40,116.90,703.20,2.34,2.26,999.00,999.00,999.00,-12.83,-17.86,-16.36,-15.80,-16.33,999.00,-21.06,999.00,104.00,6.47,4.00,-20.19,-20.49,-23.20,-23.20,19.33,20.48,1.38,1.43,-22.24
1,2020,87.5000,135.60,131.43,33.12,-19.99,-20.09,-26.88,-19.12,89.10,96.30,15.00,15.90,66.90,122.30,723.40,2.33,2.23,999.00,999.00,999.00,-10.07,-12.45,-12.61,-13.60,-12.71,999.00,-19.06,999.00,172.00,7.19,4.80,-18.32,-18.26,-21.18,-21.21,18.28,19.23,1.07,1.10,-20.32
1,2020,87.5417,165.60,161.06,33.44,-17.52,-17.69,-26.89,-16.80,90.50,97.60,14.90,15.80,89.00,124.10,739.20,2.30,2.20,999.00,999.00,999.00,-6.69,9715.00,-8.96,-10.53,-8.29,999.00,-16.73,999.00,200.00,4.31,3.20,-16.40,-16.31,-19.11,-19.18,16.96,17.82,0.78,0.81,-18.07
1,2020,87.5833,218.40,211.46,42.40,-15.43,-15.46,-26.89,-14.82,91.40,98.20,14.40,15.20,115.30,127.70,741.30,2.24,2.15,999.00,999.00,999.00,-5.96,-6.77,9790.00,-9.53,-5.90,999.00,-15.43,999.00,236.00,2.88,5.60,-14.63,-14.75,-16.84,-16.86,16.54,17.52,0.86,0.89,-15.87
1,2020,87.5833,218.40,211.46,42.40,-15.43,-15.46,-26.89,-14.82,91.40,98.20,14.40,15.20,115.30,127.70,741.30,2.24,2.15,999.00,999.00,999.00,-5.96,-6.77,9790.00,-9.53,-5.90,999.00,-15.43,999.00,236.00,2.88,5.60,-14.63,-14.75,-16.84,-16.86,16.54,17.52,0.86,0.89,-15.87
1,2020,87.6250,259.40,250.28,42.88,-13.51,-13.47,-26.92,-12.91,92.80,99.30,12.30,13.00,128.30,132.80,759.20,2.18,2.12,999.00,999.00,999.00,-5.74,-6.60,9524.00,-9.20,-5.25,999.00,-15.19,999.00,280.00,4.31,5.60,-12.29,-12.19,-14.91,-14.95,14.95,15.84,1.23,1.30,-14.01
1,2020,87.6667,274.00,265.38,33.92,-11.61,-11.61,-26.96,-11.14,94.90,101.60,11.50,12.20,144.50,147.80,758.70,2.18,2.13,999.00,999.00,999.00,-5.72,-6.59,9501.00,-9.18,-5.23,999.00,-15.16,999.00,312.00,6.47,4.00,-10.84,-10.80,-12.31,-12.32,12.67,13.44,0.57,0.59,-11.76
1,2020,87.7083,248.60,239.14,28.48,-10.32,-10.27,-26.97,-9.94,96.00,102.80,10.80,11.50,154.80,157.90,759.80,2.18,2.11,999.00,999.00,999.00,-5.69,-6.56,9468.00,-9.14,-5.18,999.00,-15.08,999.00,274.00,5.75,3.20,-9.81,-9.77,-10.82,-10.85,12.19,12.90,0.59,0.60,-10.14
1,2020,87.7500,225.00,215.70,24.64,-9.53,-9.50,-26.97,-9.21,96.30,103.20,9.80,10.40,161.00,164.10,760.60,2.17,2.12,999.00,999.00,999.00,-5.67,-6.54,9443.00,-9.11,-5.14,999.00,-15.02,999.00,252.00,5.03,4.80,-9.29,-9.27,-9.94,-9.90,11.90,12.56,0.76,0.79,-9.10
1,2020,87.7917,141.60,135.03,16.40,-9.30,-9.29,-26.97,-9.03,97.50,104.00,9.20,9.80,161.40,164.00,758.20,2.18,2.11,999.00,999.00,999.00,-5.66,-6.53,9426.00,-9.09,-5.10,999.00,-15.00,999.00,192.00,7.91,3.20,-9.20,-9.18,-9.38,-9.38,11.90,12.56,0.76,0.79,-8.72
1,2020,87.8333,101.00,95.99,12.88,-9.09,-9.07,-26.97,-8.85,98.00,104.40,8.80,9.40,162.10,164.50,760.30,2.18,2.10,999.00,999.00,999.00,-5.66,-6.53,9432.00,-9.09,-5.11,999.00,-15.00,999.00,122.00,5.75,2.40,-8.88,-8.85,-9.24,-9.23,10.63,11.28,0.66,0.69,-8.72
1,2020,87.8333,101.00,95.99,12.88,-9.09,-9.07,-26.97,-8.85,98.00,104.40,8.80,9.40,162.10,164.50,760.30,2.18,2.10,999.00,999.00,999.00,-5.66,-6.53,9432.00,-9.09,-5.11,999.00,-15.00,999.00,122.00,5.75,2.40,-8.88,-8.85,-9.24,-9.23,10.63,11.28,0.66,0.69,-8.72
1,2020,87.8750,56.40,53.35,9.44,-9.05,-9.02,-26.97,-8.78,98.20,104.40,9.70,10.30,171.60,175.00,760.10,2.18,2.12,999.00,999.00,999.00,-5.66,-6.52,9429.00,-9.09,-5.10,999.00,-15.01,999.00,80.00,4.31,4.00,-8.91,-8.90,-9.16,-9.16,11.58,12.40,0.62,0.63,-8.80
1,2020,87.9167,21.20,19.99,5.36,-8.97,-8.94,-26.97,-8.60,98.80,104.60,10.90,11.60,176.20,179.60,756.10,2.18,2.12,999.00,999.00,999.00,-5.67,-6.53,9435.00,-9.10,-5.10,999.00,-15.05,999.00,32.00,2.16,0.80,-8.82,-8.79,-9.09,-9.08,12.84,13.63,0.76,0.78,-8.93
1,2020,87.9583,2.00,1.65,2.96,-9.12,-9.10,-26.97,-8.95,98.70,104.80,11.30,12.00,169.00,172.30,754.70,2.18,2.12,999.00,999.00,999.00,-5.67,-6.53,9438.00,-9.10,-5.10,999.00,-15.03,999.00,10.00,0.72,1.60,-8.99,-8.94,-9.24,-9.20,13.18,14.03,0.68,0.69,-9.07
1,2020,88.0000,0.00,0.43,0.32,-9.17,-9.13,-26.97,-8.91,99.20,105.00,11.50,12.30,167.50,170.80,749.00,2.18,2.12,999.00,999.00,999.00,-5.68,-6.53,9439.00,-9.10,-5.10,999.00,-15.04,999.00,0.00,0.00,0.80,-9.06,-9.01,-9.27,-9.29,13.39,14.15,0.72,0.76,-9.18
1,2020,88.0417,0.00,0.07,1.28,-9.18,-9.16,-26.97,-8.97,99.50,105.10,10.30,11.00,175.10,178.90,755.10,2.18,2.10,999.00,999.00,999.00,-5.67,-6.53,9440.00,-9.10,-5.11,999.00,-15.01,999.00,0.00,0.00,1.60,-9.06,-9.08,-9.29,-9.28,12.19,13.19,0.82,0.87,-9.19
1,2020,88.0833,0.00,0.00,0.32,-9.18,-9.17,-26.97,-8.98,99.70,105.20,9.70,10.30,181.90,184.80,753.50,2.18,2.10,999.00,999.00,999.00,-5.66,-6.53,9438.00,-9.10,-5.10,999.00,-15.01,999.00,2.00,0.00,0.80,-9.01,-8.99,-9.30,-9.28,11.52,12.22,0.63,0.65,-9.22
1,2020,88.0833,0.00,0.00,0.32,-9.18,-9.17,-26.97,-8.98,99.70,105.20,9.70,10.30,181.90,184.80,753.50,2.18,2.10,999.00,999.00,999.00,-5.66,-6.53,9438.00,-9.10,-5.10,999.00,-15.01,999.00,2.00,0.00,0.80,-9.01,-8.99,-9.30,-9.28,11.52,12.22,0.63,0.65,-9.22
1,2020,88.1250,0.00,0.07,0.16,-8.94,-8.93,-26.97,-16.86,99.80,104.50,10.60,11.40,186.70,190.60,748.40,2.17,2.11,999.00,999.00,999.00,-5.67,-6.53,9444.00,-9.11,-5.12,999.00,-15.03,999.00,0.00,0.00,0.80,-8.80,-8.79,-9.16,-9.14,12.86,13.72,1.00,1.05,-9.07
1,2020,88.1667,0.00,0.14,1.60,-8.80,-8.79,-26.97,-21.87,99.90,104.00,11.50,12.30,190.30,194.30,744.40,2.17,2.12,999.00,999.00,999.00,-5.68,-6.53,9442.00,-9.11,-5.11,999.00,-15.05,999.00,0.00,0.00,2.40,-8.69,-8.68,-8.90,-8.88,15.07,15.77,1.13,1.20,-8.87
1,2020,88.2083,0.00,0.14,1.44,-8.76,-8.75,-26.97,-21.94,100.00,104.10,11.10,11.90,191.30,194.80,741.50,2.17,2.10,999.00,999.00,999.00,-5.67,-6.53,9441.00,-9.10,-5.11,999.00,-15.04,999.00,2.00,0.00,2.40,-8.63,-8.61,-8.89,-8.88,14.44,15.60,1.25,1.33,-8.78
1,2020,88.2500,0.20,0.00,2.88,-8.83,-8.83,-26.97,-21.99,100.20,104.10,9.90,10.50,202.50,205.80,752.40,2.17,2.11,999.00,999.00,999.00,-5.66,-6.53,9441.00,-9.10,-5.11,999.00,-14.98,999.00,2.00,0.00,2.40,-8.71,-8.61,-9.12,-9.12,12.77,13.51,0.95,1.00,-8.82
1,2020,88.2917,0.60,0.00,3.68,-9.52,-9.52,-26.97,-22.01,99.30,103.30,8.60,9.10,219.30,221.80,753.50,2.18,2.12,999.00,999.00,999.00,-5.67,-6.53,9438.00,-9.09,-5.09,999.00,-14.96,999.00,2.00,0.00,2.40,-9.09,-9.09,-9.73,-9.73,11.17,11.90,1.02,1.07,-9.14
1,2020,88.3333,0.60,0.00,2.56,-10.50,-10.53,-26.95,-21.98,98.50,102.50,5.30,5.60,233.00,234.10,755.40,2.18,2.13,999.00,999.00,999.00,-5.66,-6.52,9427.00,-9.09,-5.07,999.00,-14.96,999.00,2.00,0.00,3.20,-9.69,-9.67,-11.39,-11.41,7.70,8.28,0.96,1.01,-9.75
1,2020,88.3333,0.60,0.00,2.56,-10.50,-10.53,-26.95,-21.98,98.50,102.50,5.30,5.60,233.00,234.10,755.40,2.18,2.13,999.00,999.00,999.00,-5.66,-6.52,9427.00,-9.09,-5.07,999.00,-14.96,999.00,2.00,0.00,3.20,-9.69,-9.67,-11.39,-11.41,7.70,8.28,0.96,1.01,-9.75
1,2020,88.3750,2.40,1.73,10.88,-11.90,-11.89,-26.92,-21.90,97.40,101.60,3.50,3.80,224.40,227.00,759.40,2.19,2.13,999.00,999.00,999.00,-5.67,-6.52,9434.00,-9.09,-5.06,-27.53,-14.96,999.00,8.00,0.72,6.40,-11.41,-11.41,-12.47,-12.44,5.63,5.95,0.78,0.79,-10.96
1,2020,88.4167,24.00,22.86,2.48,-12.33,-12.31,-26.95,-21.60,97.10,101.10,1.50,1.60,167.50,164.70,763.10,2.19,2.13,999.00,999.00,999.00,-5.69,-6.55,9457.00,-9.13,-5.11,-42.43,-14.98,999.00,44.00,4.31,2.40,-12.19,-12.17,-12.43,-12.43,2.99,3.23,0.79,0.89,-11.95
1,2020,88.4583,70.60,68.09,3.20,-10.99,-10.97,-26.96,-21.22,98.00,101.80,3.20,3.40,120.00,121.90,753.90,2.18,2.13,999.00,999.00,999.00,-5.71,-6.58,9499.00,-9.19,-5.21,-42.46,-15.01,999.00,104.00,6.47,5.60,-10.09,-10.09,-12.28,-12.29,5.49,5.83,1.16,1.26,-11.66
1,2020,88.4583,70.60,68.09,3.20,-10.99,-10.97,-26.96,-21.22,98.00,101.80,3.20,3.40,120.00,121.90,753.90,2.18,2.13,999.00,999.00,999.00,-5.71,-6.58,9499.00,-9.19,-5.21,-42.46,-15.01,999.00,104.00,6.47,5.60,-10.09,-10.09,-12.28,-12.29,5.49,5.83,1.16,1.26,-11.66
1,2020,88.5000,132.80,128.41,4.40,-9.80,-9.77,-26.97,-11.89,98.30,103.50,5.00,5.30,142.60,144.90,752.20,2.18,2.12,999.00,999.00,999.00,-5.70,-6.58,9495.00,-9.18,-5.21,999.00,-15.01,999.00,176.00,7.19,5.60,-9.56,-9.54,-10.29,-10.23,6.42,6.74,0.58,0.61,-10.10
1,2020,88.5417,187.40,182.41,26.24,-9.28,-9.27,-26.97,-8.53,98.00,103.60,6.00,6.40,143.20,145.20,749.20,2.18,2.12,999.00,999.00,999.00,-5.69,-6.56,9477.00,-9.15,-5.18,999.00,-14.97,999.00,200.00,3.60,12.80,-9.00,-9.02,-9.68,-9.65,7.20,7.57,0.37,0.37,-8.91
1,2020,88.5833,229.20,222.03,49.12,-9.14,-9.11,-26.97,-8.29,97.10,103.30,4.70,5.00,130.20,132.10,751.60,2.18,2.12,999.00,999.00,999.00,-5.68,-6.56,9470.00,-9.14,-5.16,999.00,-14.95,999.00,258.00,7.19,6.40,-9.03,-9.02,-9.31,-9.28,6.32,6.78,0.79,0.83,-8.24
1,2020,88.5833,229.20,222.03,49.12,-9.14,-9.11,-26.97,-8.29,97.10,103.30,4.70,5.00,130.20,132.10,751.60,2.18,2.12,999.00,999.00,999.00,-5.68,-6.56,9470.00,-9.14,-5.16,999.00,-14.95,999.00,258.00,7.19,6.40,-9.03,-9.02,-9.31,-9.28,6.32,6.78,0.79,0.83,-8.24
1,2020,88.6250,263.80,255.03,57.92,-8.89,-8.91,-26.97,999.00,95.70,102.80,3.50,3.70,112.10,113.10,748.90,2.18,2.11,999.00,999.00,999.00,-5.68,-6.55,9460.00,-9.14,-5.17,999.00,-14.94,999.00,274.00,2.16,4.00,-8.70,-8.73,-9.13,-9.13,4.53,4.87,0.38,0.39,9357.00
1,2020,88.6667,266.40,257.04,48.72,-8.54,-8.53,-26.97,999.00,94.80,102.60,2.70,3.00,106.20,107.40,748.00,2.17,2.11,999.00,999.00,999.00,-5.67,-6.54,9439.00,-9.12,-5.15,999.00,-14.93,999.00,276.00,2.16,6.40,-8.34,-8.29,-8.77,-8.81,3.78,3.93,0.30,0.31,-6.94
1,2020,88.7083,252.00,242.73,41.12,999.00,999.00,-26.97,-6.66,95.30,103.20,2.80,3.00,131.00,133.50,744.20,2.17,2.11,999.00,999.00,999.00,-5.66,-6.53,9441.00,-9.13,-5.15,999.00,-14.93,999.00,260.00,1.44,7.20,999.00,999.00,-8.37,-8.30,3.54,3.82,0.43,0.45,-6.27
1,2020,88.7500,227.60,218.86,51.20,999.00,999.00,-26.97,-6.95,95.80,103.10,3.50,3.80,125.20,127.00,737.00,2.17,2.11,999.00,999.00,999.00,-5.64,-6.51,9416.00,-9.09,-5.09,999.00,-14.91,999.00,248.00,5.03,4.00,999.00,999.00,-8.30,-8.26,4.20,4.55,0.30,0.32,-6.02
1,2020,88.7917,174.00,166.59,39.68,999.00,999.00,-26.97,-6.60,96.90,103.60,4.10,4.30,122.50,124.20,735.00,2.17,2.11,999.00,999.00,999.00,-5.66,-6.52,9418.00,-9.10,-5.10,999.00,-14.92,999.00,206.00,6.47,4.80,999.00,999.00,-8.34,-8.28,4.91,5.14,0.46,0.47,-6.37
1,2020,88.8333,116.40,110.94,28.80,-7.11,-7.09,-26.98,-5.98,98.40,104.20,4.30,4.50,122.90,124.80,733.20,2.17,2.10,999.00,999.00,999.00,-5.66,-6.52,9423.00,-9.10,-5.10,999.00,-14.92,999.00,146.00,5.75,4.80,-6.88,-6.86,999.00,999.00,4.98,5.26,0.36,0.37,-6.34
1,2020,88.8333,116.40,110.94,28.80,-7.11,-7.09,-26.98,-5.98,98.40,104.20,4.30,4.50,122.90,124.80,733.20,2.17,2.10,999.00,999.00,999.00,-5.66,-6.52,9423.00,-9.10,-5.10,999.00,-14.92,999.00,146.00,5.75,4.80,-6.88,-6.86,999.00,999.00,4.98,5.26,0.36,0.37,-6.34
1,2020,88.8750,76.20,72.33,16.24,-5.95,-5.94,-27.04,-9.36,101.90,106.50,5.90,6.30,143.50,145.60,732.80,2.16,2.09,999.00,999.00,999.00,-5.66,-6.52,9429.00,-9.11,-5.12,999.00,-14.94,999.00,132.00,7.91,4.80,-5.28,-5.27,-6.86,-6.85,7.72,8.25,0.95,1.01,-6.07
1,2020,88.9167,25.00,23.37,3.92,-5.11,-5.10,-27.04,999.00,104.60,108.40,6.60,7.00,156.40,159.90,727.60,2.16,2.09,999.00,999.00,999.00,-5.66,-6.51,9424.00,-9.11,-5.11,999.00,-14.94,999.00,46.00,4.31,2.40,-4.72,-4.71,-5.35,-5.33,8.67,9.19,0.62,0.65,-5.33
1,2020,88.9583,2.40,1.58,0.00,-4.49,-4.48,-27.04,-4.11,106.00,109.60,8.00,8.50,160.90,163.80,723.90,2.14,2.05,999.00,999.00,999.00,-5.65,-6.52,9424.00,-9.11,-5.10,999.00,-14.95,999.00,6.00,0.72,0.80,-4.30,-4.29,-4.87,-4.86,9.49,10.13,0.69,0.72,-4.83
1,2020,88.9583,2.40,1.58,0.00,-4.49,-4.48,-27.04,-4.11,106.00,109.60,8.00,8.50,160.90,163.80,723.90,2.14,2.05,999.00,999.00,999.00,-5.65,-6.52,9424.00,-9.11,-5.10,999.00,-14.95,999.00,6.00,0.72,0.80,-4.30,-4.29,-4.87,-4.86,9.49,10.13,0.69,0.72,-4.83
1,2020,89.0000,0.80,0.00,0.40,-4.28,-4.26,-27.04,-3.74,106.50,110.00,7.40,7.80,154.70,157.70,724.10,2.14,2.06,999.00,999.00,999.00,-5.64,-6.52,9423.00,-9.10,-5.08,999.00,-14.93,999.00,2.00,0.00,0.80,-4.14,-4.13,-4.34,-4.34,9.26,9.86,0.61,0.63,-4.41
1,2020,89.0417,0.80,0.00,1.92,-4.28,-4.27,-27.04,-3.66,106.50,110.00,6.30,6.70,145.20,147.20,727.50,2.10,2.07,999.00,999.00,999.00,-5.65,-6.52,9426.00,-9.11,-5.08,999.00,-14.94,999.00,2.00,0.00,2.40,-4.15,-4.14,-4.42,-4.39,8.28,8.83,0.68,0.72,-4.31
1,2020,89.0833,0.80,0.07,4.80,-4.05,-4.04,-27.04,-3.31,106.90,110.10,6.40,6.80,143.80,145.60,733.30,2.11,2.07,999.00,999.00,999.00,-5.66,-6.53,9439.00,-9.12,-5.10,999.00,-14.95,999.00,2.00,0.00,4.00,-3.22,-3.22,-4.60,-4.57,9.58,10.14,1.28,1.36,-4.28
1,2020,89.0833,0.80,0.07,4.80,-4.05,-4.04,-27.04,-3.31,106.90,110.10,6.40,6.80,143.80,145.60,733.30,2.11,2.07,999.00,999.00,999.00,-5.66,-6.53,9439.00,-9.12,-5.10,999.00,-14.95,999.00,2.00,0.00,4.00,-3.22,-3.22,-4.60,-4.57,9.58,10.14,1.28,1.36,-4.28
1,2020,89.1250,1.00,0.07,1.04,-3.53,-3.52,-27.04,-2.69,107.90,110.60,7.90,8.30,154.00,157.00,731.60,2.10,2.06,999.00,999.00,999.00,-5.66,-6.54,9445.00,-9.13,-5.11,999.00,-14.95,999.00,2.00,0.00,1.60,-3.29,-3.27,-3.79,-3.81,9.59,10.09,0.55,0.57,-3.77
1,2020,89.1667,1.20,0.07,1.84,-3.33,-3.33,-27.04,-2.79,108.20,110.70,7.70,8.10,147.00,149.90,729.60,2.10,2.06,999.00,999.00,999.00,-5.66,-6.54,9439.00,-9.12,-5.10,999.00,-14.94,999.00,2.00,0.00,1.60,-3.18,-3.17,-3.52,-3.52,9.62,10.15,0.55,0.58,-3.45
1,2020,89.2083,1.40,0.00,0.56,-2.96,-2.97,-27.04,-5.18,108.70,110.70,9.00,9.50,146.60,149.10,729.10,2.08,2.05,999.00,999.00,999.00,-5.66,-6.53,9434.00,-9.12,-5.10,999.00,-14.95,999.00,2.00,0.00,1.60,-2.72,-2.72,-3.28,-3.28,10.51,11.03,0.65,0.66,-3.19
1,2020,89.2083,1.40,0.00,0.56,-2.96,-2.97,-27.04,-5.18,108.70,110.70,9.00,9.50,146.60,149.10,729.10,2.08,2.05,999.00,999.00,999.00,-5.66,-6.53,9434.00,-9.12,-5.10,999.00,-14.95,999.00,2.00,0.00,1.60,-2.72,-2.72,-3.28,-3.28,10.51,11.03,0.65,0.66,-3.19
1,2020,89.2500,1.40,0.00,0.16,-2.47,-2.47,-27.09,-3.72,110.20,111.50,8.50,9.00,149.70,152.00,730.10,2.09,2.05,999.00,999.00,999.00,-5.66,-6.54,9435.00,-9.13,-5.10,999.00,-14.96,999.00,2.00,0.00,0.80,-2.34,-2.33,-2.74,-2.75,11.24,11.98,1.07,1.14,-2.73
1,2020,89.2917,1.40,0.00,-0.24,-2.40,-2.41,-27.09,-3.59,109.80,111.40,7.30,7.70,136.50,138.30,731.00,2.08,2.06,999.00,999.00,999.00,-5.66,-6.54,9432.00,-9.12,-5.09,999.00,-14.96,999.00,2.00,0.00,1.60,-2.05,-2.03,-2.67,-2.70,9.96,10.37,0.95,0.99,-2.48
1,2020,89.3333,1.40,0.00,0.00,-2.23,-2.22,-27.10,-1.15,111.10,111.90,7.30,7.70,165.50,168.30,730.80,2.08,2.04,999.00,999.00,999.00,-5.66,-6.54,9433.00,-9.13,-5.09,999.00,-14.97,999.00,2.00,0.00,0.00,-2.06,-2.06,-2.38,-2.37,10.02,10.53,1.06,1.10,-2.29
1,2020,89.3750,3.00,1.58,0.80,-2.28,-2.27,-27.10,-6.78,111.20,111.70,5.80,6.10,164.90,167.90,728.80,2.09,2.03,999.00,999.00,999.00,-5.66,-6.54,9433.00,-9.13,-5.09,999.00,-14.95,999.00,6.00,0.72,1.60,-2.05,-2.03,-2.45,-2.45,7.86,8.40,0.81,0.85,-2.29
1,2020,89.4167,16.20,14.38,1.68,-1.50,-1.17,-27.11,-4.18,112.10,112.30,7.80,8.30,171.60,174.30,737.40,2.08,2.02,999.00,999.00,999.00,-6.13,-7.17,9665.00,-8.69,-4.96,999.00,-13.72,999.00,30.00,2.88,1.60,-0.65,0.45,-2.11,-2.10,12.60,13.58,1.60,1.70,-1.95
1,2020,89.4583,58.00,54.57,3.04,-2.10,-2.01,-27.08,-2.35,111.50,111.80,10.40,11.10,192.10,196.10,758.50,2.06,2.00,999.00,999.00,999.00,-5.70,-6.57,9461.00,-9.15,-5.10,999.00,-14.98,999.00,94.00,7.19,2.40,-1.39,-1.19,-2.87,-2.82,13.22,14.20,1.18,1.26,-1.65
1,2020,89.4583,58.00,54.57,3.04,-2.10,-2.01,-27.08,-2.35,111.50,111.80,10.40,11.10,192.10,196.10,758.50,2.06,2.00,999.00,999.00,999.00,-5.70,-6.57,9461.00,-9.15,-5.10,999.00,-14.98,999.00,94.00,7.19,2.40,-1.39,-1.19,-2.87,-2.82,13.22,14.20,1.18,1.26,-1.65
1,2020,89.5000,106.20,101.81,7.52,-2.58,-2.53,-27.08,-1.81,110.70,111.20,8.40,8.90,185.20,188.80,760.70,2.07,2.00,999.00,999.00,999.00,-5.70,-6.57,9468.00,-9.16,-5.11,999.00,-14.93,999.00,122.00,3.60,5.60,-2.20,-2.16,-2.93,-2.89,13.04,13.79,1.36,1.45,-2.16
1,2020,89.5417,131.20,126.26,10.00,-2.81,-2.77,-27.10,-2.39,110.30,110.80,9.90,10.50,184.90,189.20,766.00,2.07,1.96,999.00,999.00,999.00,-5.68,-6.55,9454.00,-9.16,-5.11,999.00,-14.94,999.00,146.00,2.88,2.40,-2.35,-2.31,-3.23,-3.20,12.15,12.75,0.96,1.00,-2.18
1,2020,89.5833,162.60,156.45,9.84,-3.40,-3.36,-27.10,-2.16,109.40,110.00,9.90,10.50,178.40,182.40,761.20,1.98,1.95,999.00,999.00,999.00,-5.67,-6.54,9450.00,-9.16,-5.12,999.00,-14.92,999.00,190.00,5.75,2.40,-3.20,-3.17,-3.66,-3.64,12.09,12.84,0.80,0.83,-2.61
1,2020,89.6250,219.40,212.18,11.44,-3.83,-3.80,-27.11,-2.49,108.50,109.30,8.50,9.00,180.30,184.20,761.90,2.06,1.96,999.00,999.00,999.00,-5.69,-6.56,9460.00,-9.17,-5.11,999.00,-14.91,999.00,234.00,4.31,4.00,-3.63,-3.59,-3.93,-3.91,10.62,11.33,0.79,0.84,-2.89
1,2020,89.6667,217.60,210.67,8.16,-4.22,-4.23,-27.11,-2.90,107.60,108.70,6.50,6.90,189.50,192.80,763.10,2.05,1.97,999.00,999.00,999.00,-5.68,-6.54,9451.00,-9.16,-5.09,999.00,-15.00,999.00,236.00,3.60,21.60,-3.88,-3.82,-5.00,-5.14,10.04,10.62,2.32,2.46,-3.08
1,2020,89.7083,221.40,213.76,17.68,-4.19,-4.07,-27.11,-2.96,107.70,108.80,8.90,9.60,176.00,180.00,762.50,2.03,1.95,999.00,999.00,999.00,-5.68,-6.54,9448.00,-9.16,-5.09,999.00,-15.44,999.00,236.00,2.88,4.00,-3.92,-3.68,-4.36,-4.27,10.41,11.13,0.58,0.58,-3.20
1,2020,89.7083,221.40,213.76,17.68,-4.19,-4.07,-27.11,-2.96,107.70,108.80,8.90,9.60,176.00,180.00,762.50,2.03,1.95,999.00,999.00,999.00,-5.68,-6.54,9448.00,-9.16,-5.09,999.00,-15.44,999.00,236.00,2.88,4.00,-3.92,-3.68,-4.36,-4.27,10.41,11.13,0.58,0.58,-3.20
1,2020,89.7500,195.40,187.95,17.20,-4.29,-4.16,-27.11,-3.07,107.70,108.80,9.00,9.60,175.00,178.30,761.80,2.05,1.96,999.00,999.00,999.00,-5.68,-6.54,9446.00,-9.16,-5.09,999.00,-15.41,999.00,212.00,2.88,3.20,-4.19,-3.93,-4.38,-4.25,10.52,11.35,0.71,0.76,-3.46
1,2020,89.7917,171.80,164.87,14.40,-4.43,-4.33,-27.11,-3.19,107.70,108.70,8.90,9.60,175.10,178.30,762.20,2.02,1.96,999.00,999.00,999.00,-5.70,-6.54,9441.00,-9.15,-5.08,999.00,-15.26,999.00,180.00,1.44,2.40,-4.31,-4.04,-4.52,-4.54,10.68,11.60,0.62,0.65,-3.69
1,2020,89.8333,110.60,105.48,8.40,-4.63,-4.54,-27.12,-3.48,107.80,108.80,8.60,9.20,179.60,184.10,757.30,2.04,1.96,999.00,999.00,999.00,-5.69,-6.54,9440.00,-9.15,-5.08,999.00,-15.11,999.00,158.00,7.19,3.20,-4.42,-4.26,-4.85,-4.81,10.31,11.01,0.62,0.66,-3.95
1,2020,89.8750,81.00,76.65,6.80,-4.91,-4.86,-27.18,-3.75,107.80,108.80,7.70,8.20,178.50,182.10,761.90,2.05,1.95,999.00,999.00,999.00,-5.69,-6.54,9446.00,-9.15,-5.08,999.00,-15.01,999.00,102.00,3.60,1.60,-4.66,-4.41,-5.03,-4.98,9.26,10.10,0.59,0.64,-4.37
1,2020,89.9167,24.80,22.94,4.56,-5.09,-5.06,-27.18,-4.68,107.90,108.70,6.40,6.80,170.70,174.00,761.90,2.04,1.96,999.00,999.00,999.00,-5.68,-6.54,9446.00,-9.16,-5.09,999.00,-14.95,999.00,60.00,5.03,1.60,-4.99,-4.95,-5.20,-5.19,7.93,8.57,0.47,0.50,-4.72
1,2020,89.9583,3.00,1.94,2.72,-5.27,-5.24,-27.17,-6.20,107.90,108.50,8.20,8.80,173.20,177.60,762.10,2.03,1.94,999.00,999.00,999.00,-5.69,-6.54,9445.00,-9.15,-5.10,999.00,-14.98,999.00,8.00,0.72,0.00,-5.15,-5.01,-5.37,-5.34,9.57,10.21,0.69,0.74,-5.07
1,2020,89.9583,3.00,1.94,2.72,-5.27,-5.24,-27.17,-6.20,107.90,108.50,8.20,8.80,173.20,177.60,762.10,2.03,1.94,999.00,999.00,999.00,-5.69,-6.54,9445.00,-9.15,-5.10,999.00,-14.98,999.00,8.00,0.72,0.00,-5.15,-5.01,-5.37,-5.34,9.57,10.21,0.69,0.74,-5.07
1,2020,90.0000,0.80,0.00,3.92,-5.30,-5.25,-27.21,-6.86,107.90,108.50,9.10,9.80,186.60,190.50,757.30,2.01,1.92,999.00,999.00,999.00,-5.71,-6.55,9455.00,-9.16,-5.11,999.00,-15.08,999.00,2.00,0.00,2.40,-5.09,-4.90,-5.42,-5.40,10.83,11.68,0.64,0.68,-5.26
1,2020,90.0417,0.80,0.00,3.04,-5.77,-5.75,-27.24,-5.12,107.30,108.20,8.80,9.40,194.40,198.60,759.60,2.01,1.94,999.00,999.00,999.00,-5.70,-6.55,9446.00,-9.14,-5.10,999.00,-15.01,999.00,2.00,0.00,3.20,-5.37,-5.29,-6.42,-6.44,11.64,12.37,1.27,1.36,-5.46
1,2020,90.0833,0.60,0.00,2.80,-6.54,-6.55,-27.24,-5.55,106.40,107.50,4.30,4.60,208.20,210.90,759.30,2.01,1.96,999.00,999.00,999.00,-5.70,-6.55,9453.00,-9.14,-5.10,999.00,-14.90,999.00,2.00,0.00,0.80,-6.43,-6.44,-6.62,-6.62,6.79,7.11,0.79,0.84,-6.11
1,2020,90.1250,0.60,0.00,2.56,-6.54,-6.55,-27.24,-5.50,106.30,107.40,4.00,4.30,189.80,193.10,760.10,2.02,1.96,999.00,999.00,999.00,-5.71,-6.57,9468.00,-9.16,-5.13,999.00,-14.89,999.00,2.00,0.00,0.80,-6.43,-6.44,-6.70,-6.70,5.65,5.84,0.41,0.41,-6.46
1,2020,90.1667,0.60,0.00,2.72,-6.55,-6.56,-27.25,-5.51,106.40,107.40,6.50,6.90,193.20,197.00,756.00,2.01,1.95,999.00,999.00,999.00,-5.71,-6.57,9471.00,-9.17,-5.13,999.00,-14.88,999.00,2.00,0.00,0.00,-6.36,-6.37,-6.89,-6.92,9.90,10.63,1.10,1.15,-6.48
